Area,BHK,Bathroom,Furnishing,Locality,Parking,Price,Status,Transaction,Type,Per_Sqft,Year_Built,Floors,Garage,Lot_Size,Condition,House_Age,Total_Rooms,Luxury_Score,Price_per_SqFt
800.0,3,2,Semi-Furnished,Rohini Sector 25,1,6500000,Ready_to_move,New_Property,Builder_Floor,,1998,5,0,800.0,Fair,28,5.0,2.0,8125.0
750.0,2,2,Semi-Furnished,"J R Designers Floors, Rohini Sector 24",1,5000000,Ready_to_move,New_Property,Apartment,6667.0,2018,3,0,750.0,Excellent,8,4.0,4.0,6666.666666666667
950.0,2,2,Furnished,"Citizen Apartment, Rohini Sector 13",1,15500000,Ready_to_move,Resale,Apartment,6667.0,2014,4,0,950.0,Good,12,4.0,4.0,16315.78947368421
600.0,2,2,Semi-Furnished,Rohini Sector 24,1,4200000,Ready_to_move,Resale,Builder_Floor,6667.0,2008,1,0,600.0,Average,18,4.0,2.5,7000.0
650.0,2,2,Semi-Furnished,"Rohini Sector 24 carpet area 650 sqft status Ready to Move floor 4 out of 4 floors transaction New Property furnishing Semi-Furnished facing East overlooking Garden/Park, Main Road car parking 1 Open bathroom 2 balcony 1 ownership Freehold Newly Constructed Property Newly Constructed Property East Facing Property 2BHK Newly build property for Sale. A House is waiting for a Friendly Family to make it a lovely home.So please come and make his house feel alive once again. read more Contact Agent View Phone No. Share Feedback Garima properties Certified Agent Trusted by Users Genuine Listings Market Knowledge",1,6200000,Ready_to_move,New_Property,Builder_Floor,6667.0,2008,10,0,650.0,Average,18,4.0,2.5,9538.461538461539
1300.0,4,3,Semi-Furnished,Rohini Sector 24,1,15500000,Ready_to_move,New_Property,Builder_Floor,6667.0,2020,14,0,1300.0,Excellent,6,7.0,4.0,11923.076923076924
1350.0,4,3,Semi-Furnished,Rohini Sector 24,1,10000000,Ready_to_move,Resale,Builder_Floor,6667.0,1998,11,0,1350.0,Fair,28,7.0,2.0,7407.407407407408
650.0,2,2,Semi-Furnished,"Delhi Homes, Rohini Sector 24",1,4000000,Ready_to_move,New_Property,Apartment,6154.0,2016,7,0,650.0,Good,10,4.0,3.0,6153.846153846154
985.0,3,3,Unfurnished,Rohini Sector 21,1,6800000,Almost_ready,New_Property,Builder_Floor,6154.0,2001,7,0,985.0,Average,25,6.0,1.5,6903.553299492386
1300.0,4,4,Semi-Furnished,Rohini Sector 22,1,15000000,Ready_to_move,New_Property,Builder_Floor,6154.0,1998,5,0,1300.0,Fair,28,8.0,2.0,11538.461538461539
1100.0,3,2,Semi-Furnished,Rohini Sector 20,1,6200000,Ready_to_move,New_Property,Builder_Floor,6154.0,2011,3,0,1100.0,Good,15,5.0,3.0,5636.363636363636
870.0,3,2,Semi-Furnished,Rohini Sector 25,1,7700000,Ready_to_move,New_Property,Builder_Floor,6154.0,2024,9,0,870.0,New,2,5.0,4.0,8850.574712643678
630.0,2,2,Semi-Furnished,Rohini Sector 24,1,5500000,Ready_to_move,New_Property,Builder_Floor,6154.0,2017,9,0,630.0,Good,9,4.0,3.0,8730.15873015873
660.0,2,2,Semi-Furnished,Rohini Sector 24,1,5000000,Ready_to_move,Resale,Builder_Floor,6154.0,2018,1,0,660.0,Excellent,8,4.0,4.0,7575.757575757576
344.4448,2,2,Semi-Furnished,Rohini Sector 8 How Auctions work? The borrower has the physical possession of the Property. However the lender (Bank) can legally sell the Property. super area 32 sqm status Ready to Move floor 1 transaction Resale furnishing Semi-Furnished Contact Now Enquire Now Auction By,1,3310000,Ready_to_move,Resale,Builder_Floor,6154.0,2016,7,0,344.44,Good,10,4.0,3.0,9609.667499698066
660.0,2,2,Semi-Furnished,"Rohini Sector 25 carpet area 660 sqft status Ready to Move floor 2 out of 4 floors transaction New Property furnishing Semi-Furnished facing North overlooking Garden/Park, Main Road car parking 1 Open bathroom 2 balcony 1 ownership Freehold Newly Constructed Property Newly Constructed Property Near by Ryan international school 2BHK Located on the Ground Floor of a four story building with open parking the flat measure 720 Sq Ft the property is located in a green and plush sector with common parks opposite every lane and bus and auto stand nearby. its situated 1.5 km from the metro station and walkable distance from shopping distance from shopping complex. read more Contact Agent View Phone No. Share Feedback Know your Certified Agent CRISIL Rating No of Employees 9 Kulwant & Company Certified Agent Trusted by Users Genuine Listings 5500+ Buyers Served",1,4700000,Ready_to_move,New_Property,Builder_Floor,6154.0,2018,5,0,660.0,Excellent,8,4.0,4.0,7121.212121212121
550.0,2,2,Semi-Furnished,Rohini Sector 22,1,4500000,Ready_to_move,New_Property,Builder_Floor,6154.0,2010,3,0,550.0,Average,16,4.0,2.5,8181.818181818182
1100.0,4,3,Semi-Furnished,Rohini Sector 16,1,17000000,Ready_to_move,New_Property,Builder_Floor,6154.0,1999,11,0,1100.0,Fair,27,7.0,2.0,15454.545454545454
1150.0,3,3,Semi-Furnished,Rohini Sector 14,1,25000000,Ready_to_move,Resale,Apartment,6154.0,2020,8,0,1150.0,Excellent,6,6.0,4.0,21739.130434782608
650.0,2,2,Semi-Furnished,Rohini Sector 24,1,6000000,Ready_to_move,Resale,Builder_Floor,6154.0,2009,10,0,650.0,Average,17,4.0,2.5,9230.76923076923
850.0,2,2,Semi-Furnished,"Mayur Apartment, Rohini Sector 9",1,11000000,Ready_to_move,Resale,Apartment,6154.0,2010,11,0,850.0,Average,16,4.0,2.5,12941.176470588236
900.0,3,2,Semi-Furnished,"Vijay Vihar, Rohini",5,4500000,Ready_to_move,Resale,Builder_Floor,6154.0,2006,15,3,900.0,Average,20,5.0,3.5,5000.0
430.556,1,1,Furnished,"Rohini Sector 18 carpet area 40 sqm status Ready to Move floor 2 out of 4 floors transaction Resale furnishing Furnished facing East overlooking Main Road car parking 2 Open bathroom 1 balcony 1 ownership Freehold East Facing Property It an LIG three side corner flat in second floor, having full scope of expansion. interior decorated with 2 textured wall , kajaria tiles , fully modular kitchen, branded bathroom and toilet fittings, LED panel, ac in one bedroom, false ceiling in entire flat.south facing unobstructed view balcony. It was all renovated only 2.5 yrs back so every thing is in brand new condition. read more Contact Owner View Phone No. Share Feedback Owner Pramod",2,5300000,Ready_to_move,Resale,Apartment,6154.0,2001,13,1,430.56,Average,25,2.0,4.5,12309.664712604168
900.0,2,2,Semi-Furnished,"Prashant Vihar, Rohini",1,10500000,Ready_to_move,Resale,Apartment,6154.0,2022,10,0,900.0,Excellent,4,4.0,4.0,11666.666666666666
914.9315,2,2,Semi-Furnished,Rohini Sector 5,1,12000000,Ready_to_move,Resale,Builder_Floor,6154.0,2018,14,0,914.93,Excellent,8,4.0,4.0,13115.735986792453
1100.0,3,3,Furnished,Rohini Sector 20,1,7000000,Ready_to_move,New_Property,Builder_Floor,6364.0,2014,8,0,1100.0,Good,12,6.0,4.0,6363.636363636364
800.0,3,2,Semi-Furnished,Rohini Sector 25,1,7000000,Ready_to_move,Resale,Builder_Floor,8750.0,2007,15,0,800.0,Average,19,5.0,2.5,8750.0
500.0,1,1,Semi-Furnished,"Sanskriti Apartment, Rohini Sector 28",1,3400000,Ready_to_move,Resale,Apartment,8750.0,2019,12,0,500.0,Excellent,7,2.0,4.0,6800.0
28.0,2,2,Furnished,Rohini Sector 25,1,5000000,Ready_to_move,New_Property,Apartment,8750.0,2011,10,0,28.0,Good,15,4.0,4.0,178571.42857142858
2160.0,4,4,Furnished,Rohini Sector 19,1,21000000,Ready_to_move,New_Property,Builder_Floor,9722.0,2008,14,0,2160.0,Average,18,8.0,3.5,9722.222222222223
1500.0,1,2,Unfurnished,Lajpat Nagar 2,1,13500000,Ready_to_move,Resale,Apartment,,2009,8,0,1500.0,Average,17,3.0,1.5,9000.0
800.0,2,2,Unfurnished,Lajpat Nagar 1,1,15000000,Ready_to_move,New_Property,Builder_Floor,,2002,11,0,800.0,Average,24,4.0,1.5,18750.0
900.0,2,2,Unfurnished,Lajpat Nagar,1,10500000,Ready_to_move,New_Property,Builder_Floor,,1998,5,0,900.0,Fair,28,4.0,1.0,11666.666666666666
1080.0,3,2,Semi-Furnished,"Vikram Vihar, Lajpat Nagar",1,22500000,Ready_to_move,New_Property,Builder_Floor,,2012,15,0,1080.0,Good,14,5.0,3.0,20833.333333333332
750.0,2,2,Unfurnished,Lajpat Nagar 4,1,13600000,Ready_to_move,New_Property,Builder_Floor,,2021,10,0,750.0,Excellent,5,4.0,3.0,18133.333333333332
1450.0,3,3,Semi-Furnished,Lajpat Nagar 3,2,30000000,Ready_to_move,New_Property,Builder_Floor,,1997,12,1,1450.0,Fair,29,6.0,3.0,20689.655172413793
900.0,2,2,Semi-Furnished,Lajpat Nagar,1,13500000,Ready_to_move,New_Property,Apartment,,2020,7,0,900.0,Excellent,6,4.0,4.0,15000.0
810.0,2,2,Semi-Furnished,"Dayanand Colony, Lajpat Nagar How Auctions work? The borrower has the physical possession of the Property. However the lender (Bank) can legally sell the Property. super area 810 sqft status Ready to Move floor 1 out of 5 floors transaction Resale balcony 1 Contact Now Enquire Now Auction By Bank",1,8910000,Ready_to_move,Resale,Builder_Floor,,2020,14,0,810.0,Excellent,6,4.0,4.0,11000.0
1350.0,3,4,Unfurnished,Lajpat Nagar,1,25000000,Ready_to_move,Resale,Apartment,,2004,2,0,1350.0,Average,22,7.0,1.5,18518.51851851852
1710.0,3,3,Semi-Furnished,Lajpat Nagar 2,4,26000000,Ready_to_move,New_Property,Builder_Floor,,2014,2,2,1710.0,Good,12,6.0,4.0,15204.678362573099
1650.0,3,3,Semi-Furnished,Lajpat Nagar,1,30000000,Ready_to_move,Resale,Builder_Floor,,2000,8,0,1650.0,Fair,26,6.0,2.0,18181.81818181818
1280.0,2,2,Furnished,Lajpat Nagar,1,12500000,Ready_to_move,Resale,Builder_Floor,,2017,11,0,1280.0,Good,9,4.0,4.0,9765.625
1260.0,3,3,Semi-Furnished,Lajpat Nagar 3,1,21000000,Ready_to_move,Resale,Builder_Floor,,2016,13,0,1260.0,Good,10,6.0,3.0,16666.666666666668
1130.0,2,2,Unfurnished,Lajpat Nagar 4,1,7800000,Ready_to_move,Resale,Builder_Floor,,2006,7,0,1130.0,Average,20,4.0,1.5,6902.654867256637
600.0,2,2,Semi-Furnished,"Amar Colony, Lajpat Nagar",1,11500000,Ready_to_move,New_Property,Builder_Floor,,1997,10,0,600.0,Fair,29,4.0,2.0,19166.666666666668
850.0,2,2,Semi-Furnished,Lajpat Nagar 1,1,11500000,Ready_to_move,Resale,Builder_Floor,,2024,9,0,850.0,New,2,4.0,4.0,13529.411764705883
1500.0,3,3,Semi-Furnished,Lajpat Nagar 2,2,26000000,Ready_to_move,New_Property,Builder_Floor,,2008,15,1,1500.0,Average,18,6.0,3.5,17333.333333333332
900.0,2,2,Semi-Furnished,"Amar Colony, Lajpat Nagar",2,13000000,Ready_to_move,New_Property,Builder_Floor,14444.0,2021,10,1,900.0,Excellent,5,4.0,5.0,14444.444444444445
1000.0,3,3,Semi-Furnished,"Vikram Vihar, Lajpat Nagar",1,22000000,Ready_to_move,New_Property,Builder_Floor,22000.0,2015,7,0,1000.0,Good,11,6.0,3.0,22000.0
900.0,2,2,Semi-Furnished,Lajpat Nagar 2,1,15800000,Ready_to_move,New_Property,Builder_Floor,22000.0,2018,15,0,900.0,Excellent,8,4.0,4.0,17555.555555555555
2925.0,4,4,Unfurnished,Lajpat Nagar 3,2,57500000,Ready_to_move,New_Property,Builder_Floor,22000.0,2018,2,1,2925.0,Excellent,8,8.0,4.0,19658.119658119656
900.0,2,2,Unfurnished,Lajpat Nagar 1,2,10000000,Ready_to_move,Resale,Builder_Floor,22000.0,2001,15,1,900.0,Average,25,4.0,2.5,11111.111111111111
1600.0,3,3,Unfurnished,Lajpat Nagar 3,2,30000000,Ready_to_move,New_Property,Builder_Floor,22000.0,2006,3,1,1600.0,Average,20,6.0,2.5,18750.0
1143.0,3,3,Unfurnished,"Vikram Vihar, Lajpat Nagar",2,22000000,Ready_to_move,New_Property,Builder_Floor,22000.0,2009,5,1,1143.0,Average,17,6.0,2.5,19247.594050743657
1150.0,3,3,Semi-Furnished,"Vikram Vihar, Lajpat Nagar",2,24000000,Ready_to_move,New_Property,Builder_Floor,22000.0,2010,13,1,1150.0,Average,16,6.0,3.5,20869.565217391304
1500.0,3,3,Semi-Furnished,Lajpat Nagar 3,1,31500000,Ready_to_move,Resale,Builder_Floor,22000.0,1997,12,0,1500.0,Fair,29,6.0,2.0,21000.0
850.0,2,2,Semi-Furnished,Lajpat Nagar 2,1,14600000,Ready_to_move,Resale,Builder_Floor,22000.0,2011,15,0,850.0,Good,15,4.0,3.0,17176.470588235294
8000.0,4,5,Semi-Furnished,Lajpat Nagar,1,240000000,Ready_to_move,New_Property,Builder_Floor,22000.0,2000,12,0,8000.0,Fair,26,9.0,2.0,30000.0
890.0,2,2,Semi-Furnished,Lajpat Nagar 1,1,8300000,Ready_to_move,Resale,Builder_Floor,22000.0,2017,10,0,890.0,Good,9,4.0,3.0,9325.842696629214
1100.0,3,3,Unfurnished,"Vikram Vihar, Lajpat Nagar",1,22500000,Ready_to_move,New_Property,Builder_Floor,22000.0,2015,6,0,1100.0,Good,11,6.0,2.0,20454.545454545456
750.0,1,1,Furnished,"DDA Flats Sector 14, Dwarka Sector 14",2,4600000,Ready_to_move,Resale,Apartment,,2022,1,1,750.0,Excellent,4,2.0,5.0,6133.333333333333
850.0,2,1,Semi-Furnished,"Siddhartha Heights, Dwarka Sector 24",2,1900000,Ready_to_move,New_Property,Apartment,2235.0,2017,2,1,850.0,Good,9,3.0,4.0,2235.294117647059
1350.0,3,2,Unfurnished,"MTNL Employees House Welfare Society, Dwarka Sector 24",1,5130000,Ready_to_move,New_Property,Apartment,3800.0,2006,5,0,1350.0,Average,20,5.0,1.5,3800.0
1387.0,4,4,Unfurnished,"Delhi Homes Yojana, Dwarka Sector 24",1,5890000,Ready_to_move,New_Property,Apartment,4247.0,2024,1,0,1387.0,New,2,8.0,3.0,4246.575342465753
1050.0,3,2,Unfurnished,"The Elite Spire, Dwarka Sector 21",1,3700000,Ready_to_move,New_Property,Apartment,3524.0,2007,8,0,1050.0,Average,19,5.0,1.5,3523.809523809524
1500.0,3,2,Unfurnished,"Kunj Vihar Apartment, Dwarka Sector 12",1,17400000,Ready_to_move,Resale,Apartment,3524.0,2005,12,0,1500.0,Average,21,5.0,1.5,11600.0
1200.0,3,3,Semi-Furnished,"Ashirwad Apartments, Dwarka Sector 12",1,15500000,Ready_to_move,Resale,Apartment,3524.0,2022,15,0,1200.0,Excellent,4,6.0,4.0,12916.666666666666
700.0,2,1,Semi-Furnished,"MTNL Employees House Welfare Society, Dwarka Sector 24",1,2400000,Almost_ready,New_Property,Apartment,3524.0,2006,8,0,700.0,Average,20,3.0,2.5,3428.5714285714284
1700.0,3,2,Semi-Furnished,"Sunny Valley Apartments, Dwarka",1,17200000,Ready_to_move,Resale,Apartment,3524.0,1998,14,0,1700.0,Fair,28,5.0,2.0,10117.64705882353
1550.0,3,2,Furnished,"Shri Agrasen Apartment, Dwarka Sector 7",2,14200000,Ready_to_move,Resale,Apartment,3524.0,2009,15,1,1550.0,Average,17,5.0,4.5,9161.290322580646
1400.0,3,3,Semi-Furnished,"Chopra Apartment, Dwarka Sector 23",1,13500000,Ready_to_move,Resale,Apartment,3524.0,2019,13,0,1400.0,Excellent,7,6.0,4.0,9642.857142857143
1900.0,4,4,Semi-Furnished,"Mohinder Apartments, Dwarka Sector 12",1,30000000,Ready_to_move,Resale,Apartment,3524.0,2001,7,0,1900.0,Average,25,8.0,2.5,15789.473684210527
2160.0,4,3,Unfurnished,"Chander Lok Apartment, Dwarka Sector 19",1,21000000,Ready_to_move,Resale,Apartment,3524.0,2009,5,0,2160.0,Average,17,7.0,1.5,9722.222222222223
1700.0,4,3,Unfurnished,"Neelachal, Dwarka Sector 5",1,20500000,Ready_to_move,Resale,Apartment,3524.0,1999,15,0,1700.0,Fair,27,7.0,1.0,12058.823529411764
1850.0,3,4,Semi-Furnished,Dwarka,1,24000000,Ready_to_move,Resale,Apartment,3524.0,2015,4,0,1850.0,Good,11,7.0,3.0,12972.972972972973
1800.0,4,2,Semi-Furnished,"MeeraBai Apartment, Dwarka Sector 5",1,16500000,Ready_to_move,Resale,Apartment,3524.0,2009,7,0,1800.0,Average,17,6.0,2.5,9166.666666666666
1620.0,3,2,Semi-Furnished,"Crescent Apartments, Dwarka Sector 18",1,14900000,Ready_to_move,Resale,Apartment,3524.0,2005,2,0,1620.0,Average,21,5.0,2.5,9197.530864197532
1800.0,4,3,Furnished,"Ashoka Enclave Apartment, Dwarka Sector 11",1,19200000,Ready_to_move,Resale,Apartment,3524.0,2002,12,0,1800.0,Average,24,7.0,3.5,10666.666666666666
1540.0,3,3,Semi-Furnished,"Nav Kairali Apartment, Dwarka Sector 3",1,14500000,Ready_to_move,Resale,Apartment,3524.0,2012,10,0,1540.0,Good,14,6.0,3.0,9415.584415584415
1600.0,3,3,Semi-Furnished,"Ashirwad Apartments, Dwarka",1,15600000,Ready_to_move,Resale,Apartment,3524.0,2015,2,0,1600.0,Good,11,6.0,3.0,9750.0
1400.0,3,2,Unfurnished,"Indraprastha Apartment, Dwarka Sector 12",1,11400000,Ready_to_move,Resale,Apartment,3524.0,2023,4,0,1400.0,Excellent,3,5.0,3.0,8142.857142857143
2300.0,4,4,Furnished,"Mohinder Apartments, Dwarka",1,31500000,Ready_to_move,Resale,Apartment,3524.0,2008,9,0,2300.0,Average,18,8.0,3.5,13695.652173913044
1560.0,3,2,Furnished,"Ashoka Apartments, Dwarka Sector 12",2,15800000,Ready_to_move,Resale,Apartment,3524.0,2000,9,1,1560.0,Fair,26,5.0,4.0,10128.205128205129
1500.0,3,3,Semi-Furnished,"Karuna Vihar Apartment, Dwarka",2,16000000,Ready_to_move,Resale,Apartment,3524.0,2020,13,1,1500.0,Excellent,6,6.0,5.0,10666.666666666666
1050.0,2,2,Unfurnished,"LNT Apartments, Dwarka",1,10500000,Ready_to_move,Resale,Apartment,3524.0,2014,4,0,1050.0,Good,12,4.0,2.0,10000.0
1800.0,3,2,Semi-Furnished,Dwarka Sector 4,1,14800000,Ready_to_move,Resale,Apartment,3524.0,2016,14,0,1800.0,Good,10,5.0,3.0,8222.222222222223
400.0,1,1,Semi-Furnished,"Dwarka Sector 3 carpet area 400 sqft status Ready to Move floor 1 out of 4 floors transaction New Property furnishing Semi-Furnished facing West overlooking Main Road bathroom 1 balcony 1 ownership Freehold Newly Constructed Property 1BHK freehold property , reserved parking, ample space for visitor parking, bathrooms with modern facilities, complete light in all room, wooden wardrobes in bedrooms, separate electric & water meter connection, separate water tank at roof, electronic door lock system with intercom facility, wall to wall POP work, fall ceiling work in all rooms, royal paint work in all rooms, 24X7 running water, branded electric fittings, modular kitchen with electronic chimney, marble vitrified tile flooring, near to metro station, well connected to main road ect. 80 to 90 home loan available. Ready to move read more Contact Agent View Phone No. Share Feedback Agent S.B. Associates 4000+ Buyers Served",1,1850000,Ready_to_move,New_Property,Builder_Floor,3524.0,1998,7,0,400.0,Fair,28,2.0,2.0,4625.0
1150.0,3,2,Semi-Furnished,Dwarka Sector 16B,1,6800000,Ready_to_move,New_Property,Builder_Floor,3524.0,2005,13,0,1150.0,Average,21,5.0,2.5,5913.04347826087
1525.0,3,3,Semi-Furnished,"Chopra Apartment, Dwarka Sector 23",1,14200000,Ready_to_move,Resale,Apartment,3524.0,2018,4,0,1525.0,Excellent,8,6.0,4.0,9311.475409836066
900.0,1,1,Semi-Furnished,Lajpat Nagar 3,1,8900000,Ready_to_move,Resale,Builder_Floor,,2020,1,0,900.0,Excellent,6,2.0,4.0,9888.888888888889
1450.0,3,3,Semi-Furnished,Lajpat Nagar 3,2,37500000,Ready_to_move,New_Property,Builder_Floor,,2008,1,1,1450.0,Average,18,6.0,3.5,25862.068965517243
1260.0,3,3,Semi-Furnished,Lajpat Nagar 3,2,21000000,Ready_to_move,Resale,Builder_Floor,,2019,6,1,1260.0,Excellent,7,6.0,5.0,16666.666666666668
2925.0,4,4,Unfurnished,Lajpat Nagar 3,2,57500000,Ready_to_move,New_Property,Builder_Floor,,2020,15,1,2925.0,Excellent,6,8.0,4.0,19658.119658119656
1710.0,3,3,Semi-Furnished,Lajpat Nagar 3,1,30000000,Ready_to_move,Resale,Builder_Floor,,2007,1,0,1710.0,Average,19,6.0,2.5,17543.859649122805
1600.0,3,3,Unfurnished,Lajpat Nagar 3,1,30000000,Ready_to_move,New_Property,Builder_Floor,,2022,6,0,1600.0,Excellent,4,6.0,3.0,18750.0
1500.0,3,3,Semi-Furnished,Lajpat Nagar 3,1,31500000,Ready_to_move,Resale,Builder_Floor,,2004,2,0,1500.0,Average,22,6.0,2.5,21000.0
2200.0,3,3,Unfurnished,Lajpat Nagar 3,1,30000000,Ready_to_move,Resale,Builder_Floor,,2002,14,0,2200.0,Average,24,6.0,1.5,13636.363636363636
1350.0,3,3,Unfurnished,Lajpat Nagar 3,1,41500000,Ready_to_move,New_Property,Builder_Floor,,2015,11,0,1350.0,Good,11,6.0,2.0,30740.74074074074
1710.0,3,3,Semi-Furnished,Lajpat Nagar 3,1,24800000,Ready_to_move,Resale,Builder_Floor,,2014,12,0,1710.0,Good,12,6.0,3.0,14502.923976608186
1350.0,3,3,Semi-Furnished,Lajpat Nagar 3,2,35000000,Ready_to_move,Resale,Builder_Floor,,2000,11,1,1350.0,Fair,26,6.0,3.0,25925.925925925927
1500.0,3,3,Semi-Furnished,Lajpat Nagar 3,1,40000000,Ready_to_move,Resale,Builder_Floor,26666.0,2020,10,0,1500.0,Excellent,6,6.0,4.0,26666.666666666668
2880.0,4,5,Unfurnished,Lajpat Nagar 3,1,46000000,Ready_to_move,New_Property,Builder_Floor,15972.0,2001,12,0,2880.0,Average,25,9.0,1.5,15972.222222222223
2700.0,4,4,Semi-Furnished,Lajpat Nagar 3,2,55000000,Ready_to_move,Resale,Builder_Floor,183333.0,2019,1,1,2700.0,Excellent,7,8.0,5.0,20370.37037037037
1400.0,3,3,Unfurnished,Lajpat Nagar 3,1,24500000,Ready_to_move,Resale,Builder_Floor,183333.0,1996,13,0,1400.0,Fair,30,6.0,1.0,17500.0
1800.0,3,3,Unfurnished,Lajpat Nagar 3,1,24500000,Ready_to_move,Resale,Apartment,183333.0,2019,12,0,1800.0,Excellent,7,6.0,3.0,13611.111111111111
1400.0,3,3,Semi-Furnished,Lajpat Nagar 3,1,32500000,Ready_to_move,New_Property,Builder_Floor,183333.0,2018,12,0,1400.0,Excellent,8,6.0,4.0,23214.285714285714
1000.0,2,2,Furnished,Lajpat Nagar 3,1,20000000,Ready_to_move,Resale,Apartment,20000.0,2018,6,0,1000.0,Excellent,8,4.0,5.0,20000.0
8000.0,4,5,Semi-Furnished,Lajpat Nagar,1,240000000,Ready_to_move,New_Property,Builder_Floor,20000.0,2015,13,0,8000.0,Good,11,9.0,3.0,30000.0
1700.0,3,3,Furnished,Lajpat Nagar 3,2,19000000,Ready_to_move,Resale,Builder_Floor,20000.0,2009,6,1,1700.0,Average,17,6.0,4.5,11176.470588235294
1600.0,3,3,Unfurnished,Lajpat Nagar 3,2,26000000,Ready_to_move,Resale,Builder_Floor,20000.0,2016,1,1,1600.0,Good,10,6.0,3.0,16250.0
1350.0,3,3,Unfurnished,Lajpat Nagar 3,1,21000000,Ready_to_move,Resale,Builder_Floor,15556.0,2004,14,0,1350.0,Average,22,6.0,1.5,15555.555555555555
1700.0,3,3,Semi-Furnished,Lajpat Nagar 3,1,27500000,Ready_to_move,Resale,Builder_Floor,16176.0,2018,4,0,1700.0,Excellent,8,6.0,4.0,16176.470588235294
1400.0,3,3,Semi-Furnished,Lajpat Nagar 3,2,32500000,Ready_to_move,New_Property,Builder_Floor,16176.0,2012,2,1,1400.0,Good,14,6.0,4.0,23214.285714285714
1450.0,3,3,Semi-Furnished,Lajpat Nagar 3,1,45000000,Ready_to_move,New_Property,Builder_Floor,16176.0,2009,10,0,1450.0,Average,17,6.0,2.5,31034.48275862069
1350.0,3,3,Semi-Furnished,Lajpat Nagar 3,1,21000000,Ready_to_move,Resale,Builder_Floor,15556.0,2010,4,0,1350.0,Average,16,6.0,2.5,15555.555555555555
1700.0,3,3,Unfurnished,Lajpat Nagar 3,1,28000000,Ready_to_move,Resale,Builder_Floor,15556.0,2012,13,0,1700.0,Good,14,6.0,2.0,16470.58823529412
1600.0,3,3,Unfurnished,Lajpat Nagar 3,2,29500000,Ready_to_move,Resale,Builder_Floor,15556.0,1997,7,1,1600.0,Fair,29,6.0,2.0,18437.5
800.0,2,2,Unfurnished,Lajpat Nagar 2,1,14000000,Ready_to_move,New_Property,Builder_Floor,,2000,1,0,800.0,Fair,26,4.0,1.0,17500.0
1350.0,2,2,Furnished,Lajpat Nagar 2,4,12500000,Ready_to_move,Resale,Builder_Floor,9259.0,2003,15,1,1350.0,Average,23,4.0,4.5,9259.25925925926
1500.0,3,3,Semi-Furnished,Lajpat Nagar 2,2,26000000,Ready_to_move,New_Property,Builder_Floor,9259.0,1999,8,1,1500.0,Fair,27,6.0,3.0,17333.333333333332
750.0,2,2,Semi-Furnished,"Vinoba Puri, Lajpat Nagar",2,11500000,Ready_to_move,New_Property,Builder_Floor,9259.0,2008,4,1,750.0,Average,18,4.0,3.5,15333.333333333334
850.0,2,2,Semi-Furnished,Lajpat Nagar 2,2,14600000,Ready_to_move,Resale,Builder_Floor,9259.0,2015,11,1,850.0,Good,11,4.0,4.0,17176.470588235294
1575.0,3,3,Semi-Furnished,Lajpat Nagar 2,1,25500000,Ready_to_move,New_Property,Builder_Floor,9259.0,2014,8,0,1575.0,Good,12,6.0,3.0,16190.47619047619
1675.0,3,3,Semi-Furnished,Lajpat Nagar 2,2,31000000,Ready_to_move,New_Property,Builder_Floor,18507.0,2009,1,1,1675.0,Average,17,6.0,3.5,18507.462686567163
1350.0,3,3,Semi-Furnished,Lajpat Nagar 2,2,22000000,Ready_to_move,Resale,Builder_Floor,18507.0,2020,12,1,1350.0,Excellent,6,6.0,5.0,16296.296296296296
900.0,2,2,Semi-Furnished,Lajpat Nagar 2,2,13400000,Ready_to_move,New_Property,Builder_Floor,18507.0,2012,7,1,900.0,Good,14,4.0,4.0,14888.888888888889
1800.0,3,3,Semi-Furnished,Lajpat Nagar 2,2,35000000,Almost_ready,New_Property,Builder_Floor,18507.0,1998,11,1,1800.0,Fair,28,6.0,3.0,19444.444444444445
900.0,2,2,Furnished,Lajpat Nagar 2,2,11000000,Ready_to_move,Resale,Builder_Floor,18507.0,2018,14,1,900.0,Excellent,8,4.0,5.0,12222.222222222223
900.0,2,2,Unfurnished,"Vinoba Puri, Lajpat Nagar",2,6300000,Ready_to_move,Resale,Builder_Floor,7000.0,2012,10,1,900.0,Good,14,4.0,3.0,7000.0
900.0,2,2,Furnished,Lajpat Nagar 2,2,12500000,Ready_to_move,Resale,Builder_Floor,7000.0,2014,11,1,900.0,Good,12,4.0,5.0,13888.888888888889
800.0,2,2,Unfurnished,Lajpat Nagar 2,1,14500000,Ready_to_move,New_Property,Builder_Floor,7000.0,2012,4,0,800.0,Good,14,4.0,2.0,18125.0
1100.0,2,3,Semi-Furnished,Lajpat Nagar 2,1,22500000,Ready_to_move,New_Property,Builder_Floor,7000.0,2012,4,0,1100.0,Good,14,5.0,3.0,20454.545454545456
810.0,2,2,Semi-Furnished,Lajpat Nagar 2,1,15500000,Ready_to_move,New_Property,Builder_Floor,7000.0,1998,7,0,810.0,Fair,28,4.0,2.0,19135.802469135804
1500.0,3,3,Semi-Furnished,Lajpat Nagar 2,1,26000000,Ready_to_move,New_Property,Builder_Floor,7000.0,2012,13,0,1500.0,Good,14,6.0,3.0,17333.333333333332
900.0,2,2,Semi-Furnished,Lajpat Nagar 2,1,15800000,Ready_to_move,New_Property,Builder_Floor,7000.0,2019,8,0,900.0,Excellent,7,4.0,4.0,17555.555555555555
825.0,2,2,Unfurnished,Lajpat Nagar 2,1,15000000,Ready_to_move,New_Property,Builder_Floor,7000.0,2004,6,0,825.0,Average,22,4.0,1.5,18181.81818181818
900.0,2,2,Unfurnished,Lajpat Nagar 2,1,13000000,Ready_to_move,New_Property,Builder_Floor,7000.0,2013,12,0,900.0,Good,13,4.0,2.0,14444.444444444445
875.0,2,2,Unfurnished,Lajpat Nagar 2,1,15000000,Ready_to_move,New_Property,Builder_Floor,7000.0,1996,13,0,875.0,Fair,30,4.0,1.0,17142.85714285714
1350.0,3,3,Semi-Furnished,Lajpat Nagar 2,1,25000000,Ready_to_move,New_Property,Builder_Floor,7000.0,2006,14,0,1350.0,Average,20,6.0,2.5,18518.51851851852
750.0,2,2,Semi-Furnished,Lajpat Nagar 2,1,16500000,Ready_to_move,New_Property,Builder_Floor,7000.0,2008,5,0,750.0,Average,18,4.0,2.5,22000.0
900.0,2,2,Unfurnished,Lajpat Nagar 2,1,10300000,Ready_to_move,New_Property,Builder_Floor,7000.0,2024,11,0,900.0,New,2,4.0,3.0,11444.444444444445
1350.0,3,3,Semi-Furnished,Lajpat Nagar 2,1,26000000,Ready_to_move,New_Property,Builder_Floor,7000.0,2002,9,0,1350.0,Average,24,6.0,2.5,19259.25925925926
900.0,2,2,Unfurnished,Lajpat Nagar 2,1,11000000,Ready_to_move,Resale,Builder_Floor,7000.0,2004,7,0,900.0,Average,22,4.0,1.5,12222.222222222223
1800.0,3,3,Unfurnished,Lajpat Nagar 2,1,28500000,Ready_to_move,New_Property,Builder_Floor,7000.0,2007,6,0,1800.0,Average,19,6.0,1.5,15833.333333333334
900.0,2,1,Furnished,Budh Vihar,1,11000000,Ready_to_move,Resale,Apartment,,2024,2,0,900.0,New,2,3.0,5.0,12222.222222222223
810.0,3,2,Semi-Furnished,Budh Vihar,1,4500000,Ready_to_move,Resale,Builder_Floor,,2020,5,0,810.0,Excellent,6,5.0,4.0,5555.555555555556
450.0,2,1,Unfurnished,"Budh Vihar super area 50 sqyrd status Ready to Move floor Ground out of 2 floors transaction Resale furnishing Unfurnished facing East car parking 1 Open bathroom 1 balcony 2 ownership Freehold For Sale 2 BHK 50 yrd, 2 side open Ground Floor, First and Second Floor in H Block, Gali No. 04, Near Laxmi Narain Mandir, BudhVihar read more Contact Agent View Phone No. Share Feedback Agent Sahyog Properties 1000+ Buyers Served",1,3600000,Ready_to_move,Resale,Builder_Floor,72000.0,1997,9,0,450.0,Fair,29,3.0,1.0,8000.0
100.0,3,2,Furnished,Budh Vihar Phase 1,1,4300000,Ready_to_move,New_Property,Builder_Floor,43000.0,2002,14,0,100.0,Average,24,5.0,3.5,43000.0
900.0,3,2,Semi-Furnished,Budh Vihar,1,4000000,Ready_to_move,Resale,Builder_Floor,4444.0,2019,13,0,900.0,Excellent,7,5.0,4.0,4444.444444444444
500.0,2,2,Semi-Furnished,Budh Vihar Phase 1,1,1650000,Ready_to_move,Resale,Apartment,3300.0,1997,3,0,500.0,Fair,29,4.0,2.0,3300.0
450.0,1,1,Furnished,Budh Vihar,1,2000000,Ready_to_move,Resale,Builder_Floor,4444.0,2020,11,0,450.0,Excellent,6,2.0,5.0,4444.444444444444
75.0,2,2,Semi-Furnished,Budh Vihar,1,3000000,Ready_to_move,Resale,Builder_Floor,40000.0,2004,2,0,75.0,Average,22,4.0,2.5,40000.0
270.0,2,1,Semi-Furnished,Budh Vihar Phase 1,1,1400000,Ready_to_move,Resale,Apartment,5185.0,2022,11,0,270.0,Excellent,4,3.0,4.0,5185.185185185185
500.0,2,1,Semi-Furnished,Budh Vihar Phase 1,1,2000000,Ready_to_move,Resale,Builder_Floor,4000.0,2004,6,0,500.0,Average,22,3.0,2.5,4000.0
444.0,2,2,Unfurnished,Budh Vihar Phase 1,1,2000000,Ready_to_move,Resale,Apartment,4000.0,2008,7,0,444.0,Average,18,4.0,1.5,4504.504504504504
400.0,1,1,Furnished,Budh Vihar,1,2000000,Ready_to_move,Resale,Builder_Floor,4000.0,2015,11,0,400.0,Good,11,2.0,4.0,5000.0
729.0,3,4,Furnished,Budh Vihar,1,2600000,Ready_to_move,Resale,Builder_Floor,3567.0,1999,7,0,729.0,Fair,27,7.0,3.0,3566.529492455418
4050.0,6,3,Furnished,Budh Vihar Phase 1,1,5100000,Ready_to_move,Resale,Builder_Floor,1259.0,2012,13,0,4050.0,Good,14,9.0,4.0,1259.2592592592594
2400.0,6,4,Furnished,Budh Vihar Phase 2,1,6000000,Ready_to_move,Resale,Builder_Floor,2500.0,2010,9,0,2400.0,Average,16,10.0,3.5,2500.0
450.0,2,2,Furnished,Budh Vihar,1,4000000,Ready_to_move,Resale,Builder_Floor,2500.0,2018,15,0,450.0,Excellent,8,4.0,5.0,8888.888888888889
405.0,2,3,Furnished,Budh Vihar Phase 2,1,6200000,Ready_to_move,Resale,Builder_Floor,2500.0,2024,10,0,405.0,New,2,5.0,5.0,15308.641975308641
666.0,1,2,Furnished,Budh Vihar Phase 1,1,3500000,Ready_to_move,Resale,Builder_Floor,5255.0,2015,5,0,666.0,Good,11,3.0,4.0,5255.255255255255
1000.0,2,2,Semi-Furnished,"Saptrishi Apartment, Rohini Sector 23",1,7600000,Ready_to_move,Resale,Apartment,5255.0,2007,12,0,1000.0,Average,19,4.0,2.5,7600.0
1360.0,4,3,Semi-Furnished,Rohini Sector 24,1,13500000,Ready_to_move,New_Property,Builder_Floor,5255.0,2007,7,0,1360.0,Average,19,7.0,2.5,9926.470588235294
1550.0,4,3,Semi-Furnished,Rohini Sector 24,1,12500000,Ready_to_move,New_Property,Builder_Floor,5255.0,2008,9,0,1550.0,Average,18,7.0,2.5,8064.5161290322585
850.0,3,2,Semi-Furnished,Rohini Sector 23,1,6500000,Ready_to_move,New_Property,Builder_Floor,5255.0,2019,3,0,850.0,Excellent,7,5.0,4.0,7647.058823529412
2170.0,4,4,Unfurnished,Rohini Sector 23,2,22000000,Ready_to_move,New_Property,Builder_Floor,5255.0,2005,2,1,2170.0,Average,21,8.0,2.5,10138.248847926267
720.0,3,2,Semi-Furnished,Rohini Sector 23,1,6000000,Ready_to_move,New_Property,Builder_Floor,5255.0,2000,9,0,720.0,Fair,26,5.0,2.0,8333.333333333334
850.0,3,2,Semi-Furnished,Rohini Sector 23,1,7300000,Ready_to_move,New_Property,Builder_Floor,5255.0,2005,3,0,850.0,Average,21,5.0,2.5,8588.235294117647
950.0,3,2,Semi-Furnished,Rohini Sector 23,1,7600000,Ready_to_move,New_Property,Builder_Floor,5255.0,1996,15,0,950.0,Fair,30,5.0,2.0,8000.0
2300.0,4,4,Semi-Furnished,Rohini Sector 23,1,20000000,Ready_to_move,New_Property,Builder_Floor,5255.0,1999,13,0,2300.0,Fair,27,8.0,2.0,8695.652173913044
1300.0,4,4,Semi-Furnished,Rohini Sector 22,1,15000000,Ready_to_move,New_Property,Builder_Floor,5255.0,1998,11,0,1300.0,Fair,28,8.0,2.0,11538.461538461539
1100.0,3,2,Semi-Furnished,Rohini Sector 20,1,6200000,Ready_to_move,New_Property,Builder_Floor,5255.0,2018,12,0,1100.0,Excellent,8,5.0,4.0,5636.363636363636
1030.0,3,2,Furnished,Rohini Sector 20,1,6200000,Ready_to_move,New_Property,Builder_Floor,5255.0,2016,9,0,1030.0,Good,10,5.0,4.0,6019.417475728155
350.0,1,1,Semi-Furnished,"Rohini ( 1 km from Shahbad Dairy, Rohini)",1,2300000,Ready_to_move,New_Property,Builder_Floor,,2016,1,0,350.0,Good,10,2.0,3.0,6571.428571428572
720.0,2,2,Semi-Furnished,"J R Designers Floors, Rohini Sector 24",1,4700000,Ready_to_move,New_Property,Apartment,6528.0,2009,6,0,720.0,Average,17,4.0,2.5,6527.777777777777
800.0,2,2,Semi-Furnished,"J R Designers Floors, Rohini Sector 24",1,5500000,Ready_to_move,New_Property,Apartment,6875.0,2016,8,0,800.0,Good,10,4.0,3.0,6875.0
350.0,1,1,Semi-Furnished,"J R Designers Floors, Rohini Sector 24",1,2000000,Ready_to_move,New_Property,Apartment,5714.0,2000,14,0,350.0,Fair,26,2.0,2.0,5714.285714285715
980.0,3,2,Semi-Furnished,"J R Designers Floors, Rohini Sector 24",1,7300000,Ready_to_move,New_Property,Apartment,7449.0,2022,4,0,980.0,Excellent,4,5.0,4.0,7448.9795918367345
1600.0,4,3,Semi-Furnished,"J R Designers Floors, Rohini Sector 24",1,13000000,Ready_to_move,New_Property,Apartment,8125.0,2010,8,0,1600.0,Average,16,7.0,2.5,8125.0
1450.0,3,3,Semi-Furnished,"J R Designers Floors, Rohini Sector 24",1,11500000,Ready_to_move,New_Property,Apartment,7931.0,2023,6,0,1450.0,Excellent,3,6.0,4.0,7931.0344827586205
445.0,2,2,Semi-Furnished,"J R Designers Floors, Rohini Sector 24",1,2800000,Ready_to_move,New_Property,Apartment,7931.0,2000,3,0,445.0,Fair,26,4.0,2.0,6292.134831460674
380.0,1,1,Semi-Furnished,"J R Designers Floors, Rohini Sector 24",1,2200000,Ready_to_move,New_Property,Apartment,5789.0,2010,2,0,380.0,Average,16,2.0,2.5,5789.473684210527
680.0,2,2,Semi-Furnished,"J R Designers Floors, Rohini Sector 24",1,4400000,Ready_to_move,New_Property,Apartment,6471.0,2016,6,0,680.0,Good,10,4.0,3.0,6470.588235294118
1600.0,3,3,Semi-Furnished,"J R Designers Floors, Rohini Sector 24",1,13500000,Ready_to_move,New_Property,Apartment,8438.0,2010,2,0,1600.0,Average,16,6.0,2.5,8437.5
630.0,2,2,Semi-Furnished,"J R Designers Floors, Rohini Sector 24",1,4100000,Ready_to_move,New_Property,Apartment,6508.0,2008,2,0,630.0,Average,18,4.0,2.5,6507.936507936508
1500.0,3,2,Semi-Furnished,"J R Designers Floors, Rohini Sector 24",1,12000000,Ready_to_move,New_Property,Apartment,8000.0,2000,6,0,1500.0,Fair,26,5.0,2.0,8000.0
550.0,2,2,Semi-Furnished,"J R Designers Floors, Rohini Sector 24",1,3500000,Ready_to_move,New_Property,Apartment,6364.0,2007,4,0,550.0,Average,19,4.0,2.5,6363.636363636364
2500.0,4,3,Semi-Furnished,"J R Designers Floors, Rohini Sector 24",1,15000000,Ready_to_move,New_Property,Apartment,6000.0,2002,9,0,2500.0,Average,24,7.0,2.5,6000.0
2800.0,5,4,Semi-Furnished,"J R Designers Floors, Rohini Sector 24",1,17500000,Ready_to_move,New_Property,Apartment,6250.0,2004,1,0,2800.0,Average,22,9.0,2.5,6250.0
300.0,1,1,Semi-Furnished,"J R Designers Floors, Rohini Sector 24",1,1900000,Ready_to_move,New_Property,Apartment,6333.0,2015,5,0,300.0,Good,11,2.0,3.0,6333.333333333333
800.0,3,2,Semi-Furnished,"J R Designers Floors, Rohini Sector 24",1,5500000,Ready_to_move,New_Property,Apartment,6875.0,2014,7,0,800.0,Good,12,5.0,3.0,6875.0
1295.0,3,2,Semi-Furnished,"J R Designers Floors, Rohini Sector 24",1,10000000,Ready_to_move,New_Property,Apartment,6875.0,2013,15,0,1295.0,Good,13,5.0,3.0,7722.007722007722
700.0,3,2,Semi-Furnished,"J R Designers Floors, Rohini Sector 24",1,4700000,Ready_to_move,New_Property,Apartment,6714.0,2006,10,0,700.0,Average,20,5.0,2.5,6714.285714285715
350.0,1,1,Semi-Furnished,"J R Designers Floors, Rohini Sector 24",1,2400000,Ready_to_move,New_Property,Builder_Floor,6714.0,2023,14,0,350.0,Excellent,3,2.0,4.0,6857.142857142857
450.0,2,2,Semi-Furnished,"J R Designers Floors, Rohini Sector 24",1,3800000,Ready_to_move,New_Property,Builder_Floor,6714.0,1998,6,0,450.0,Fair,28,4.0,2.0,8444.444444444445
2200.0,4,4,Semi-Furnished,"J R Designers Floors, Rohini Sector 24",1,23000000,Ready_to_move,New_Property,Builder_Floor,6714.0,2005,7,0,2200.0,Average,21,8.0,2.5,10454.545454545454
2300.0,4,4,Semi-Furnished,"J R Designers Floors, Rohini Sector 24",1,24500000,Ready_to_move,New_Property,Builder_Floor,6714.0,1999,7,0,2300.0,Fair,27,8.0,2.0,10652.173913043478
1150.0,3,2,Semi-Furnished,"J R Designers Floors, Rohini Sector 24",1,10000000,Ready_to_move,New_Property,Builder_Floor,6714.0,2005,14,0,1150.0,Average,21,5.0,2.5,8695.652173913044
800.0,3,2,Semi-Furnished,"J R Designers Floors, Rohini Sector 24",1,5500000,Ready_to_move,New_Property,Builder_Floor,6714.0,2023,15,0,800.0,Excellent,3,5.0,4.0,6875.0
850.0,3,2,Semi-Furnished,"J R Designers Floors, Rohini Sector 24",1,7000000,Ready_to_move,New_Property,Builder_Floor,6714.0,2006,15,0,850.0,Average,20,5.0,2.5,8235.29411764706
720.0,3,2,Semi-Furnished,"J R Designers Floors, Rohini Sector 24",1,6500000,Ready_to_move,New_Property,Builder_Floor,6714.0,2022,12,0,720.0,Excellent,4,5.0,4.0,9027.777777777777
4688.0,5,4,Unfurnished,"The Leela Sky Villas, Patel Nagar",1,135000000,Almost_ready,New_Property,Apartment,28797.0,2010,8,0,4688.0,Average,16,9.0,1.5,28796.92832764505
3901.0,4,4,Unfurnished,"The Leela Sky Villas, Patel Nagar",1,93000000,Almost_ready,New_Property,Apartment,23840.0,2016,9,0,3901.0,Good,10,8.0,2.0,23840.041015124327
950.0,3,2,Furnished,"Uttam Nagar Floors, Uttam Nagar",1,4370000,Ready_to_move,New_Property,Apartment,4600.0,2009,15,0,950.0,Average,17,5.0,3.5,4600.0
1000.0,3,2,Unfurnished,"Virat Residency, Dwarka Mor",1,4620000,Ready_to_move,New_Property,Apartment,4620.0,2003,5,0,1000.0,Average,23,5.0,1.5,4620.0
850.0,2,1,Semi-Furnished,"Siddhartha Heights, Dwarka Sector 24",1,1900000,Ready_to_move,New_Property,Apartment,2235.0,2018,6,0,850.0,Excellent,8,3.0,4.0,2235.294117647059
2400.0,4,4,Semi-Furnished,"Find Homes, Greater Kailash 2",1,70000000,Ready_to_move,New_Property,Apartment,2235.0,2024,14,0,2400.0,New,2,8.0,4.0,29166.666666666668
540.0,2,2,Semi-Furnished,"Adarsh Homes, Dwarka Mor",1,3000000,Ready_to_move,New_Property,Apartment,5000.0,2003,6,0,540.0,Average,23,4.0,2.5,5555.555555555556
540.0,2,2,Semi-Furnished,"Kushwaha Homes, Uttam Nagar",1,3300000,Ready_to_move,New_Property,Apartment,6111.0,2018,4,0,540.0,Excellent,8,4.0,4.0,6111.111111111111
976.0,2,2,Furnished,"Godrej South Estate, Okhla",1,24900000,Ready_to_move,New_Property,Apartment,25512.0,2003,9,0,976.0,Average,23,4.0,3.5,25512.29508196721
2700.0,4,3,Semi-Furnished,"APL Builder Floor, Greater Kailash 1",1,60000000,Ready_to_move,New_Property,Builder_Floor,22222.0,2016,5,0,2700.0,Good,10,7.0,3.0,22222.222222222223
1500.0,3,2,Unfurnished,"Kunj Vihar Apartment, Dwarka Sector 12",1,17400000,Ready_to_move,Resale,Apartment,22222.0,2018,14,0,1500.0,Excellent,8,5.0,3.0,11600.0
2900.0,5,5,Furnished,Janakpuri Block A3,1,51000000,Almost_ready,New_Property,Builder_Floor,22222.0,2009,14,0,2900.0,Average,17,10.0,3.5,17586.206896551725
5025.0,5,6,Unfurnished,Greater Kailash 2,4,170000000,Almost_ready,New_Property,Builder_Floor,22222.0,2017,5,2,5025.0,Good,9,11.0,3.0,33830.845771144275
1000.0,3,2,Semi-Furnished,"Partap Homes, Bhagwati Vihar, Uttam Nagar",1,5510000,Almost_ready,New_Property,Builder_Floor,22222.0,2003,8,0,1000.0,Average,23,5.0,2.5,5510.0
1135.0,3,3,Furnished,"The Amaryllis, Karol Bagh",2,25000000,Almost_ready,Resale,Apartment,22222.0,1998,15,1,1135.0,Fair,28,6.0,4.0,22026.431718061674
2306.0,3,3,Unfurnished,"The Leela Sky Villas, Patel Nagar",1,57000000,Almost_ready,New_Property,Apartment,24718.0,1998,12,0,2306.0,Fair,28,6.0,1.0,24718.12662619254
850.0,2,2,Semi-Furnished,"Diamond Heights Multi Estate, Najafgarh",1,2940000,Almost_ready,New_Property,Apartment,24718.0,2008,4,0,850.0,Average,18,4.0,2.5,3458.823529411765
1200.0,3,3,Semi-Furnished,"Ashirwad Apartments, Dwarka Sector 12",1,15500000,Ready_to_move,Resale,Apartment,24718.0,2022,9,0,1200.0,Excellent,4,6.0,4.0,12916.666666666666
1700.0,3,2,Semi-Furnished,"Sunny Valley Apartments, Dwarka",1,17200000,Ready_to_move,Resale,Apartment,24718.0,1999,10,0,1700.0,Fair,27,5.0,2.0,10117.64705882353
1800.0,4,3,Semi-Furnished,"Vasant Vihar Builder Floor, Vasant Vihar",2,55000000,Ready_to_move,Resale,Builder_Floor,30556.0,2009,10,1,1800.0,Average,17,7.0,3.5,30555.555555555555
1100.0,2,2,Semi-Furnished,Vasant Kunj,1,15000000,Ready_to_move,Resale,Apartment,30556.0,2016,1,0,1100.0,Good,10,4.0,3.0,13636.363636363636
22050.0,4,4,Semi-Furnished,Greater Kailash 1,2,51000000,Almost_ready,New_Property,Builder_Floor,30556.0,2001,5,1,22050.0,Average,25,8.0,3.5,2312.925170068027
1550.0,4,3,Semi-Furnished,Rohini Sector 24,1,13000000,Ready_to_move,New_Property,Builder_Floor,30556.0,2016,13,0,1550.0,Good,10,7.0,3.0,8387.09677419355
1600.0,3,3,Semi-Furnished,Greater Kailash 1,1,30000000,Ready_to_move,New_Property,Builder_Floor,18750.0,2004,4,0,1600.0,Average,22,6.0,2.5,18750.0
700.0,2,2,Semi-Furnished,"Khanpur, Madangir",1,2400000,Ready_to_move,New_Property,Builder_Floor,18750.0,2019,5,0,700.0,Excellent,7,4.0,4.0,3428.5714285714284
45.0,4,3,Unfurnished,"Batla House, Okhla",1,5500000,Ready_to_move,New_Property,Builder_Floor,18750.0,2012,5,0,45.0,Good,14,7.0,2.0,122222.22222222222
3510.0,4,4,Semi-Furnished,"Friends Colony West, New Friends Colony",2,45000000,Ready_to_move,Resale,Builder_Floor,,2011,3,1,3510.0,Good,15,8.0,4.0,12820.51282051282
4500.0,4,4,Semi-Furnished,New Friends Colony,2,60000000,Ready_to_move,New_Property,Builder_Floor,120000.0,2001,3,1,4500.0,Average,25,8.0,3.5,13333.333333333334
1800.0,4,4,Semi-Furnished,New Friends Colony,2,65000000,Ready_to_move,New_Property,Builder_Floor,120000.0,2009,6,1,1800.0,Average,17,8.0,3.5,36111.11111111111
6000.0,5,5,Semi-Furnished,"Maharani Bagh, New Friends Colony",9,220000000,Ready_to_move,New_Property,Builder_Floor,120000.0,2020,14,4,6000.0,Excellent,6,10.0,5.0,36666.666666666664
4300.0,4,4,Unfurnished,"New Friends Colony carpet area 4300 sqft status Ready to Move floor 2 out of 3 floors transaction Resale furnishing Unfurnished facing North - East overlooking Garden/Park, Main Road car parking 2 Covered, 2 Open bathroom 4 balcony 3 ownership Freehold hurry up... dont waste time any where, It is best deal in your pocket budget.well maintained second floor with terrace garden plus 2 additional room on terrace up for sale in new friends colony.the property has 4 king sized bedroom attached bathroom with roof top shower with Jacuzzi. It has 3 big balconies with wonderful outer view. It has modular kitchen with new fittings. It has servant quarter pooja room study room store room etc. It has drawing & dining. It has 2 car parking with gated society. It has 247 hours water supply with full power backup. It is in amazing location. read more Contact Agent View Phone No. Share Feedback Crisil Silver Agent Sagar Home Developers Pvt. Ltd. 1000+ Buyers Served",2,60000000,Ready_to_move,Resale,Builder_Floor,120000.0,1996,1,1,4300.0,Fair,30,8.0,2.0,13953.488372093023
1700.0,3,3,Semi-Furnished,"Friends Colony East, New Friends Colony",2,38500000,Ready_to_move,New_Property,Builder_Floor,120000.0,2017,5,1,1700.0,Good,9,6.0,4.0,22647.058823529413
2500.0,3,3,Semi-Furnished,"Maharani Bagh, New Friends Colony",2,50000000,Ready_to_move,Resale,Apartment,120000.0,2010,1,1,2500.0,Average,16,6.0,3.5,20000.0
4500.0,4,4,Semi-Furnished,New Friends Colony,2,75000000,Ready_to_move,New_Property,Builder_Floor,120000.0,2016,9,1,4500.0,Good,10,8.0,4.0,16666.666666666668
2450.0,4,4,Furnished,"Friends Colony West, New Friends Colony",2,70000000,Ready_to_move,New_Property,Builder_Floor,120000.0,2015,4,1,2450.0,Good,11,8.0,5.0,28571.428571428572
10350.0,4,7,Semi-Furnished,"Maharani Bagh, New Friends Colony",3,160000000,Ready_to_move,New_Property,Apartment,15459.0,2008,12,1,10350.0,Average,18,11.0,3.5,15458.937198067633
4800.0,3,4,Semi-Furnished,"Maharani Bagh, New Friends Colony",1,85000000,Ready_to_move,Resale,Builder_Floor,15459.0,2004,9,0,4800.0,Average,22,7.0,2.5,17708.333333333332
1600.0,3,3,Semi-Furnished,New Friends Colony,2,40000000,Ready_to_move,Resale,Apartment,15459.0,2014,12,1,1600.0,Good,12,6.0,4.0,25000.0
3500.0,4,4,Unfurnished,New Friends Colony,2,90000000,Ready_to_move,Resale,Builder_Floor,15459.0,2000,10,1,3500.0,Fair,26,8.0,2.0,25714.285714285714
2100.0,4,5,Semi-Furnished,New Friends Colony,2,56000000,Ready_to_move,New_Property,Builder_Floor,15459.0,2012,7,1,2100.0,Good,14,9.0,4.0,26666.666666666668
4200.0,5,5,Semi-Furnished,"Friends Colony East, New Friends Colony",2,135500000,Ready_to_move,New_Property,Builder_Floor,15459.0,1998,13,1,4200.0,Fair,28,10.0,3.0,32261.904761904763
1500.0,3,3,Semi-Furnished,New Friends Colony,2,60000000,Ready_to_move,New_Property,Builder_Floor,15459.0,2014,8,1,1500.0,Good,12,6.0,4.0,40000.0
8150.0,4,5,Unfurnished,"Maharani Bagh, New Friends Colony",4,170000000,Ready_to_move,New_Property,Builder_Floor,15459.0,2014,15,2,8150.0,Good,12,9.0,3.0,20858.895705521474
2200.0,4,4,Semi-Furnished,"Kalindi Colony, Maharani Bagh, New Friends Colony",2,50000000,Ready_to_move,Resale,Builder_Floor,15459.0,1998,15,1,2200.0,Fair,28,8.0,3.0,22727.272727272728
3500.0,4,5,Semi-Furnished,New Friends Colony,2,58000000,Ready_to_move,New_Property,Builder_Floor,15459.0,2017,9,1,3500.0,Good,9,9.0,4.0,16571.428571428572
2070.0,3,3,Semi-Furnished,"Friends Colony East, New Friends Colony",2,37500000,Ready_to_move,New_Property,Builder_Floor,15459.0,2008,11,1,2070.0,Average,18,6.0,3.5,18115.942028985508
3500.0,3,3,Unfurnished,"Maharani Bagh, New Friends Colony",1,45000000,Ready_to_move,Resale,Builder_Floor,15459.0,2018,4,0,3500.0,Excellent,8,6.0,3.0,12857.142857142857
2000.0,4,4,Semi-Furnished,New Friends Colony,3,70000000,Ready_to_move,New_Property,Builder_Floor,15459.0,1997,13,1,2000.0,Fair,29,8.0,3.0,35000.0
2800.0,6,4,Semi-Furnished,"Taimoor Enclave, New Friends Colony carpet area 2800 sqft status Ready to Move floor 2 out of 3 floors transaction Resale furnishing Semi-Furnished facing East overlooking Garden/Park society Taimoor Enclave car parking 2 Covered, 1 Open bathroom 4 balcony 2 ownership Freehold Two floor of the house is available for sale SECOND AND THIRD FLOOR EXTRA made, provision for LIFT can be provided by the OWNER .DDA FLATS of TAIMOOR ENCLAVE, NEAR GURUDWARA, NEW FRIENDS COLONY, SOUTH DELHI , HOUSE IS ON THE SECOND FLOOR have 3 bed room and 2 wash room and and same on the Third Floor, URGENT SALE, BROKER EXCUSE. read more Contact Agent View Phone No. Share Feedback Agent Delhi Homes 100+ Buyers Served",2,29500000,Ready_to_move,Resale,Apartment,15459.0,2001,11,1,2800.0,Average,25,10.0,3.5,10535.714285714286
2550.0,4,4,Unfurnished,New Friends Colony,1,60000000,Ready_to_move,Resale,Builder_Floor,23529.0,2010,14,0,2550.0,Average,16,8.0,1.5,23529.41176470588
4500.0,4,4,Semi-Furnished,New Friends Colony,2,70000000,Ready_to_move,Resale,Builder_Floor,23529.0,2001,5,1,4500.0,Average,25,8.0,3.5,15555.555555555555
1400.0,3,3,Semi-Furnished,New Friends Colony,2,50000000,Ready_to_move,New_Property,Builder_Floor,23529.0,2005,12,1,1400.0,Average,21,6.0,3.5,35714.28571428572
2800.0,4,5,Semi-Furnished,New Friends Colony,2,75000000,Ready_to_move,New_Property,Builder_Floor,23529.0,2015,8,1,2800.0,Good,11,9.0,4.0,26785.714285714286
2700.0,4,4,Semi-Furnished,"New Friends Colony Floors, New Friends Colony",2,52500000,Ready_to_move,New_Property,Builder_Floor,23529.0,2000,3,1,2700.0,Fair,26,8.0,3.0,19444.444444444445
4500.0,4,4,Semi-Furnished,New Friends Colony,2,55000000,Ready_to_move,Resale,Builder_Floor,23529.0,2015,3,1,4500.0,Good,11,8.0,4.0,12222.222222222223
7200.0,4,4,Semi-Furnished,"Maharani Bagh, New Friends Colony",2,120000000,Ready_to_move,Resale,Builder_Floor,16667.0,1998,9,1,7200.0,Fair,28,8.0,3.0,16666.666666666668
2799.0,4,4,Semi-Furnished,"Kailash Colony, Greater Kailash",1,65000000,Ready_to_move,New_Property,Builder_Floor,,2001,5,0,2799.0,Average,25,8.0,2.5,23222.579492675955
2650.0,4,4,Unfurnished,"Kailash Colony, Greater Kailash",2,75000000,Ready_to_move,New_Property,Builder_Floor,,2013,2,1,2650.0,Good,13,8.0,3.0,28301.88679245283
2200.0,4,4,Semi-Furnished,"Kailash Colony, Greater Kailash",2,47500000,Ready_to_move,New_Property,Builder_Floor,,2019,7,1,2200.0,Excellent,7,8.0,5.0,21590.909090909092
3500.0,5,5,Semi-Furnished,"Kailash Colony, Greater Kailash",1,70000000,Ready_to_move,New_Property,Builder_Floor,20000.0,2000,10,0,3500.0,Fair,26,10.0,2.0,20000.0
2200.0,4,4,Semi-Furnished,"Kailash Colony, Greater Kailash",2,47500000,Ready_to_move,New_Property,Builder_Floor,20000.0,2004,5,1,2200.0,Average,22,8.0,3.5,21590.909090909092
2200.0,4,4,Semi-Furnished,"Kailash Colony, Greater Kailash",1,40000000,Ready_to_move,New_Property,Builder_Floor,20000.0,2022,15,0,2200.0,Excellent,4,8.0,4.0,18181.81818181818
3500.0,4,4,Semi-Furnished,"Kailash Colony, Greater Kailash",3,85000000,Ready_to_move,New_Property,Builder_Floor,20000.0,2024,12,2,3500.0,New,2,8.0,5.0,24285.714285714286
1440.0,3,3,Semi-Furnished,"Kailash Colony, Greater Kailash",3,26000000,Ready_to_move,New_Property,Builder_Floor,20000.0,2012,8,2,1440.0,Good,14,6.0,4.0,18055.555555555555
3150.0,4,4,Semi-Furnished,"Kailash Colony, Greater Kailash",3,35000000,Ready_to_move,Resale,Builder_Floor,11111.0,2008,15,2,3150.0,Average,18,8.0,3.5,11111.111111111111
900.0,2,2,Semi-Furnished,"Kailash Colony, Greater Kailash",3,20000000,Ready_to_move,Resale,Builder_Floor,11111.0,2006,7,1,900.0,Average,20,4.0,3.5,22222.222222222223
3690.0,4,5,Semi-Furnished,"Kailash Colony, Greater Kailash",3,79000000,Almost_ready,New_Property,Builder_Floor,21409.0,2013,3,2,3690.0,Good,13,9.0,4.0,21409.214092140923
1200.0,3,2,Semi-Furnished,"Kailash Colony, Greater Kailash",3,17000000,Ready_to_move,Resale,Builder_Floor,21409.0,2013,1,1,1200.0,Good,13,5.0,4.0,14166.666666666666
4500.0,4,4,Semi-Furnished,"Kailash Colony, Greater Kailash",2,47500000,Ready_to_move,Resale,Builder_Floor,95000.0,2004,15,1,4500.0,Average,22,8.0,3.5,10555.555555555555
2799.0,4,4,Semi-Furnished,"Kailash Colony, Greater Kailash",2,43000000,Ready_to_move,New_Property,Builder_Floor,15363.0,1996,15,1,2799.0,Fair,30,8.0,3.0,15362.629510539478
1350.0,3,3,Unfurnished,"Kailash Colony, Greater Kailash",1,26000000,Ready_to_move,New_Property,Builder_Floor,19259.0,2000,12,0,1350.0,Fair,26,6.0,1.0,19259.25925925926
1200.0,3,3,Unfurnished,"Kailash Colony, Greater Kailash",1,25000000,Ready_to_move,New_Property,Builder_Floor,20833.0,2023,2,0,1200.0,Excellent,3,6.0,3.0,20833.333333333332
2177.0,4,5,Semi-Furnished,"Kailash Colony, Greater Kailash",2,51000000,Ready_to_move,New_Property,Builder_Floor,20833.0,2008,5,1,2177.0,Average,18,9.0,3.5,23426.734037666512
1500.0,3,3,Semi-Furnished,"Kailash Colony, Greater Kailash",2,40000000,Ready_to_move,New_Property,Builder_Floor,20833.0,2009,1,1,1500.0,Average,17,6.0,3.5,26666.666666666668
1600.0,3,3,Unfurnished,"Kailash Colony, Greater Kailash",1,22500000,Ready_to_move,Resale,Builder_Floor,20833.0,2009,1,0,1600.0,Average,17,6.0,1.5,14062.5
4500.0,4,4,Semi-Furnished,"Kailash Colony, Greater Kailash",1,70000000,Ready_to_move,New_Property,Builder_Floor,20833.0,2018,4,0,4500.0,Excellent,8,8.0,4.0,15555.555555555555
2150.0,4,4,Unfurnished,"Kailash Colony, Greater Kailash",2,45000000,Ready_to_move,New_Property,Builder_Floor,20930.0,1997,9,1,2150.0,Fair,29,8.0,2.0,20930.232558139534
2107.0,4,4,Semi-Furnished,"Kailash Colony, Greater Kailash",2,51100000,Ready_to_move,New_Property,Apartment,20930.0,1998,1,1,2107.0,Fair,28,8.0,3.0,24252.49169435216
1150.0,3,3,Semi-Furnished,"Kailash Colony, Greater Kailash",1,25500000,Ready_to_move,New_Property,Builder_Floor,20930.0,2003,15,0,1150.0,Average,23,6.0,2.5,22173.91304347826
1240.0,3,3,Unfurnished,"Kailash Colony, Greater Kailash",2,26500000,Ready_to_move,New_Property,Builder_Floor,20930.0,2010,7,1,1240.0,Average,16,6.0,2.5,21370.967741935485
1000.0,2,2,Unfurnished,"Kailash Colony, Greater Kailash",1,15000000,Ready_to_move,Resale,Builder_Floor,20930.0,2015,4,0,1000.0,Good,11,4.0,2.0,15000.0
4500.0,4,4,Semi-Furnished,"Kailash Colony, Greater Kailash",2,55000000,Ready_to_move,Resale,Builder_Floor,20930.0,2010,8,1,4500.0,Average,16,8.0,3.5,12222.222222222223
1150.0,3,3,Semi-Furnished,"Kailash Colony, Greater Kailash",2,26000000,Ready_to_move,New_Property,Builder_Floor,20930.0,2008,12,1,1150.0,Average,18,6.0,3.5,22608.695652173912
2000.0,4,4,Semi-Furnished,"Kailash Colony, Greater Kailash",2,38000000,Ready_to_move,Resale,Builder_Floor,20930.0,2023,5,1,2000.0,Excellent,3,8.0,5.0,19000.0
4500.0,4,5,Semi-Furnished,"Kailash Colony, Greater Kailash",2,72500000,Ready_to_move,Resale,Builder_Floor,20930.0,2000,1,1,4500.0,Fair,26,9.0,3.0,16111.111111111111
3000.0,4,5,Semi-Furnished,"Kailash Colony, Greater Kailash",4,65000000,Ready_to_move,New_Property,Builder_Floor,20930.0,2012,1,2,3000.0,Good,14,9.0,4.0,21666.666666666668
700.0,2,2,Unfurnished,"Ram Nagar, Shahdara",1,4600000,Ready_to_move,New_Property,Builder_Floor,,2011,13,0,700.0,Good,15,4.0,2.0,6571.428571428572
750.0,2,2,Semi-Furnished,"Jyoti Nagar West, Shahdara",1,9200000,Ready_to_move,Resale,Builder_Floor,,2009,2,0,750.0,Average,17,4.0,2.5,12266.666666666666
1350.0,4,3,Unfurnished,"Hans Apartments, Vishwas Nagar, Shahdara",2,9500000,Ready_to_move,Resale,Apartment,,2019,10,1,1350.0,Excellent,7,7.0,4.0,7037.037037037037
900.0,2,2,Semi-Furnished,"Naveen Shahdara, Shahdara",1,4500000,Ready_to_move,Resale,Builder_Floor,,2003,6,0,900.0,Average,23,4.0,2.5,5000.0
970.0,3,2,Semi-Furnished,"Balbir Nagar, Shahdara",1,6500000,Ready_to_move,Resale,Builder_Floor,,2023,12,0,970.0,Excellent,3,5.0,4.0,6701.030927835051
1000.0,3,2,Furnished,"Rohitash Nagar East, Shahdara",1,5650000,Ready_to_move,Resale,Builder_Floor,,2005,1,0,1000.0,Average,21,5.0,3.5,5650.0
1425.0,3,3,Semi-Furnished,"Naveen Shahdara, Shahdara",1,9300000,Ready_to_move,Resale,Builder_Floor,6526.0,2011,14,0,1425.0,Good,15,6.0,3.0,6526.315789473684
440.0,2,2,Unfurnished,Shahdara,1,2700000,Ready_to_move,Resale,Apartment,6526.0,2011,11,0,440.0,Good,15,4.0,2.0,6136.363636363636
1017.0,2,2,Furnished,"Vishwas Nagar, Shahdara",1,6500000,Ready_to_move,New_Property,Builder_Floor,6526.0,2020,7,0,1017.0,Excellent,6,4.0,5.0,6391.347099311701
650.0,2,2,Semi-Furnished,"DDA RPS Flats, Mansarowar Park, Shahdara",1,5800000,Ready_to_move,Resale,Apartment,6526.0,2008,4,0,650.0,Average,18,4.0,2.5,8923.076923076924
950.0,3,2,Semi-Furnished,Shahdara,1,5500000,Ready_to_move,Resale,Apartment,6526.0,2004,15,0,950.0,Average,22,5.0,2.5,5789.473684210527
810.0,3,2,Semi-Furnished,"Yamuna Vihar, Shahdara",1,6000000,Ready_to_move,Resale,Builder_Floor,6526.0,1996,5,0,810.0,Fair,30,5.0,2.0,7407.407407407408
750.0,2,2,Unfurnished,"Balbir Nagar, Shahdara",1,4500000,Ready_to_move,Resale,Builder_Floor,6526.0,2006,8,0,750.0,Average,20,4.0,1.5,6000.0
990.0,2,2,Semi-Furnished,Shahdara,2,4100000,Ready_to_move,Resale,Builder_Floor,6526.0,2019,6,1,990.0,Excellent,7,4.0,5.0,4141.414141414141
800.0,3,2,Semi-Furnished,"Ram Nagar, Shahdara",2,3800000,Ready_to_move,Resale,Builder_Floor,6526.0,1996,4,1,800.0,Fair,30,5.0,3.0,4750.0
675.0,2,1,Unfurnished,Shahdara,1,3300000,Ready_to_move,Resale,Apartment,6526.0,2021,7,0,675.0,Excellent,5,3.0,3.0,4888.888888888889
558.0,2,1,Unfurnished,"Rohtash Nagar, Shahdara",1,2900000,Ready_to_move,New_Property,Builder_Floor,6526.0,2011,3,0,558.0,Good,15,3.0,2.0,5197.132616487455
445.0,2,1,Unfurnished,"Ram Nagar Extension, Shahdara",1,2000000,Ready_to_move,Resale,Builder_Floor,6526.0,2000,1,0,445.0,Fair,26,3.0,1.0,4494.38202247191
360.0,2,1,Unfurnished,"Maujpur, Shahdara",1,1550000,Ready_to_move,New_Property,Builder_Floor,6526.0,2004,5,0,360.0,Average,22,3.0,1.5,4305.555555555556
1350.0,4,3,Semi-Furnished,"Mansarowar Park, Shahdara",1,11300000,Ready_to_move,New_Property,Builder_Floor,6526.0,2012,2,0,1350.0,Good,14,7.0,3.0,8370.37037037037
850.0,3,2,Semi-Furnished,"Gorakh Park West, Shahdara",1,4500000,Ready_to_move,Resale,Builder_Floor,6526.0,2005,7,0,850.0,Average,21,5.0,2.5,5294.117647058823
846.0,2,1,Unfurnished,"Shivnam Apartment, Shahdara",1,3300000,Ready_to_move,New_Property,Apartment,3901.0,1999,13,0,846.0,Fair,27,3.0,1.0,3900.709219858156
1300.0,4,3,Furnished,"Mansarowar Park, Shahdara",1,11500000,Ready_to_move,New_Property,Builder_Floor,3901.0,2015,3,0,1300.0,Good,11,7.0,4.0,8846.153846153846
900.0,3,2,Semi-Furnished,"Ram Nagar Extension, Shahdara",1,6000000,Almost_ready,New_Property,Builder_Floor,3901.0,2015,1,0,900.0,Good,11,5.0,3.0,6666.666666666667
1050.0,3,2,Semi-Furnished,"Hans Apartments, Vishwas Nagar, Shahdara",1,9000000,Ready_to_move,Resale,Apartment,3901.0,1999,2,0,1050.0,Fair,27,5.0,2.0,8571.42857142857
850.0,2,2,Furnished,"Jyoti Colony, Shahdara",1,4500000,Ready_to_move,Resale,Builder_Floor,3901.0,2004,8,0,850.0,Average,22,4.0,3.5,5294.117647058823
1650.0,4,3,Furnished,Shahdara,1,14000000,Almost_ready,New_Property,Apartment,3901.0,2003,5,0,1650.0,Average,23,7.0,3.5,8484.848484848484
1150.0,2,2,Semi-Furnished,"Ahinsha Vatika, Ram Nagar, Shahdara",1,7300000,Ready_to_move,Resale,Apartment,6347.0,2015,8,0,1150.0,Good,11,4.0,3.0,6347.826086956522
495.1394,1,1,Furnished,Shahdara,1,1900000,Ready_to_move,Resale,Builder_Floor,41304.0,2017,1,0,495.14,Good,9,2.0,4.0,3837.3031917880094
1053.0,3,2,Furnished,"Naveen Shahdara, Shahdara",4,7000000,Ready_to_move,Resale,Builder_Floor,41304.0,2017,5,1,1053.0,Good,9,5.0,5.0,6647.673314339981
810.0,3,2,Semi-Furnished,"Yamuna Vihar, Shahdara",1,6000000,Ready_to_move,Resale,Builder_Floor,,2023,7,0,810.0,Excellent,3,5.0,4.0,7407.407407407408
750.0,1,2,Semi-Furnished,"Yamuna Vihar, Shahdara",1,6400000,Ready_to_move,Resale,Builder_Floor,,2018,7,0,750.0,Excellent,8,3.0,4.0,8533.333333333334
540.0,2,1,Furnished,"Yamuna Vihar, Shahdara",1,2700000,Ready_to_move,New_Property,Apartment,5000.0,2005,9,0,540.0,Average,21,3.0,3.5,5000.0
747.0,2,2,Furnished,"Yamuna Vihar, Shahdara",1,6500000,Ready_to_move,Resale,Builder_Floor,8701.0,1999,12,0,747.0,Fair,27,4.0,3.0,8701.472556894243
720.0,2,1,Unfurnished,"Yamuna Vihar, Shahdara",1,4000000,Ready_to_move,Resale,Builder_Floor,5556.0,2013,8,0,720.0,Good,13,3.0,2.0,5555.555555555556
376.7365,1,1,Semi-Furnished,"Yamuna Vihar, Shahdara",1,3000000,Ready_to_move,New_Property,Apartment,85715.0,2022,13,0,376.74,Excellent,4,2.0,4.0,7963.125420552562
1125.0,2,2,Unfurnished,"Yamuna Vihar, Shahdara",1,5000000,Ready_to_move,Resale,Builder_Floor,4444.0,2024,8,0,1125.0,New,2,4.0,3.0,4444.444444444444
713.0,2,2,Semi-Furnished,"Yamuna Vihar, Shahdara",1,6000000,Ready_to_move,New_Property,Builder_Floor,4444.0,2002,4,0,713.0,Average,24,4.0,2.5,8415.14726507714
360.0,1,1,Unfurnished,"Yamuna Vihar, Shahdara",1,2500000,Ready_to_move,Resale,Builder_Floor,6944.0,2002,4,0,360.0,Average,24,2.0,1.5,6944.444444444444
900.0,2,2,Semi-Furnished,"Yamuna Vihar, Shahdara",1,6500000,Ready_to_move,Resale,Apartment,7222.0,1997,5,0,900.0,Fair,29,4.0,2.0,7222.222222222223
713.0,3,1,Unfurnished,"Yamuna Vihar, Shahdara",1,8000000,Ready_to_move,Resale,Apartment,11220.0,2000,9,0,713.0,Fair,26,4.0,1.0,11220.196353436186
504.0,2,1,Furnished,"Yamuna Vihar, Shahdara",1,2700000,Ready_to_move,Resale,Builder_Floor,5357.0,2012,4,0,504.0,Good,14,3.0,4.0,5357.142857142857
70.0,1,2,Unfurnished,"Yamuna Vihar, Shahdara",1,4500000,Ready_to_move,Resale,Apartment,5357.0,2011,14,0,70.0,Good,15,3.0,2.0,64285.71428571428
850.0,3,2,Furnished,"Yamuna Vihar, Shahdara",1,5700000,Ready_to_move,Resale,Builder_Floor,6706.0,2006,8,0,850.0,Average,20,5.0,3.5,6705.882352941177
2430.0,4,3,Furnished,"Yamuna Vihar, Shahdara",1,25000000,Ready_to_move,Resale,Builder_Floor,10288.0,2004,13,0,2430.0,Average,22,7.0,3.5,10288.0658436214
2475.0,3,3,Furnished,"Yamuna Vihar, Shahdara",1,70000000,Ready_to_move,Resale,Builder_Floor,28283.0,2020,11,0,2475.0,Excellent,6,6.0,5.0,28282.828282828283
2970.0,7,4,Furnished,"Yamuna Vihar, Shahdara",1,26500000,Ready_to_move,Resale,Builder_Floor,8923.0,2009,6,0,2970.0,Average,17,11.0,3.5,8922.558922558923
2250.0,3,2,Furnished,"Yamuna Vihar, Shahdara",1,18500000,Ready_to_move,Resale,Builder_Floor,8222.0,2019,4,0,2250.0,Excellent,7,5.0,5.0,8222.222222222223
1500.0,5,3,Furnished,"Yamuna Vihar, Shahdara",1,30000000,Ready_to_move,Resale,Builder_Floor,20000.0,2023,12,0,1500.0,Excellent,3,8.0,5.0,20000.0
1512.0,2,2,Furnished,"Yamuna Vihar, Shahdara",1,22000000,Ready_to_move,Resale,Builder_Floor,14550.0,2005,5,0,1512.0,Average,21,4.0,3.5,14550.26455026455
400.0,2,2,Furnished,"mind. The space is airy, is well located and can be easily customized as per the needs. Prime facilities are easily accessible from this place with Government Girls Senior Secondary School No 2 (0 km ). Other key neighbourhood are B Block Market (0 km ). read more Contact Owner View Phone No. Share Feedback Owner vinod kumar",1,9000000,Ready_to_move,Resale,Builder_Floor,14550.0,2001,4,0,400.0,Average,25,4.0,3.5,22500.0
2160.0,3,3,Furnished,"Yamuna Vihar, Shahdara",1,65000000,Ready_to_move,Resale,Builder_Floor,30093.0,2023,14,0,2160.0,Excellent,3,6.0,5.0,30092.59259259259
630.0,3,2,Furnished,"Yamuna Vihar, Shahdara",1,22500000,Ready_to_move,Resale,Builder_Floor,35714.0,2014,8,0,630.0,Good,12,5.0,4.0,35714.28571428572
324.0,6,3,Furnished,"Yamuna Vihar, Shahdara",1,8700000,Ready_to_move,Resale,Builder_Floor,35714.0,2004,1,0,324.0,Average,22,9.0,3.5,26851.85185185185
720.0,6,5,Furnished,"Yamuna Vihar, Shahdara",1,22000000,Ready_to_move,Resale,Builder_Floor,35714.0,2014,8,0,720.0,Good,12,11.0,4.0,30555.555555555555
675.0,4,2,Furnished,"Yamuna Vihar, Shahdara",2,18500000,Ready_to_move,Resale,Builder_Floor,35714.0,2010,7,1,675.0,Average,16,6.0,4.5,27407.40740740741
700.0,2,1,Furnished,"Yamuna Vihar, Shahdara",2,16000000,Ready_to_move,New_Property,Builder_Floor,22857.0,2022,13,1,700.0,Excellent,4,3.0,5.0,22857.14285714286
675.0,4,3,Furnished,"Yamuna Vihar, Shahdara",2,16000000,Ready_to_move,Resale,Builder_Floor,22857.0,2003,11,1,675.0,Average,23,7.0,4.5,23703.703703703704
720.0,4,2,Furnished,"Yamuna Vihar, Shahdara",2,9000000,Ready_to_move,Resale,Builder_Floor,12500.0,2024,3,1,720.0,New,2,6.0,5.0,12500.0
850.0,2,2,Furnished,"Jyoti Colony, Shahdara",1,4500000,Ready_to_move,Resale,Builder_Floor,12500.0,2023,3,0,850.0,Excellent,3,4.0,5.0,5294.117647058823
801.0,3,2,Semi-Furnished,Laxmi Nagar,1,6000000,Ready_to_move,New_Property,Builder_Floor,,2001,10,0,801.0,Average,25,5.0,2.5,7490.63670411985
450.0,1,2,Unfurnished,Laxmi Nagar,1,2700000,Ready_to_move,Resale,Builder_Floor,,2000,1,0,450.0,Fair,26,3.0,1.0,6000.0
1000.0,3,2,Unfurnished,Laxmi Nagar,1,6500000,Ready_to_move,Resale,Apartment,,2011,5,0,1000.0,Good,15,5.0,2.0,6500.0
990.0,3,2,Unfurnished,Laxmi Nagar,1,4000000,Ready_to_move,Resale,Apartment,4040.0,1997,3,0,990.0,Fair,29,5.0,1.0,4040.40404040404
420.0,2,1,Semi-Furnished,Laxmi Nagar,1,2600000,Ready_to_move,New_Property,Builder_Floor,4040.0,2004,1,0,420.0,Average,22,3.0,2.5,6190.476190476191
450.0,2,1,Semi-Furnished,Laxmi Nagar,1,3500000,Ready_to_move,Resale,Builder_Floor,7778.0,2008,14,0,450.0,Average,18,3.0,2.5,7777.777777777777
1000.0,2,2,Unfurnished,Laxmi Nagar,1,7500000,Ready_to_move,Resale,Apartment,7778.0,2024,2,0,1000.0,New,2,4.0,3.0,7500.0
900.0,3,2,Semi-Furnished,Laxmi Nagar,1,7000000,Ready_to_move,Resale,Builder_Floor,7778.0,2024,1,0,900.0,New,2,5.0,4.0,7777.777777777777
800.0,3,2,Semi-Furnished,Laxmi Nagar,1,4500000,Ready_to_move,New_Property,Builder_Floor,7778.0,2000,14,0,800.0,Fair,26,5.0,2.0,5625.0
720.0,3,3,Semi-Furnished,Laxmi Nagar,2,5500000,Ready_to_move,Resale,Builder_Floor,7778.0,2021,3,1,720.0,Excellent,5,6.0,5.0,7638.888888888889
450.0,2,1,Semi-Furnished,Laxmi Nagar,2,2700000,Ready_to_move,New_Property,Builder_Floor,7778.0,1998,13,1,450.0,Fair,28,3.0,3.0,6000.0
675.0,2,2,Furnished,Laxmi Nagar,2,2400000,Ready_to_move,Resale,Builder_Floor,32000.0,2017,1,1,675.0,Good,9,4.0,5.0,3555.5555555555557
1700.0,4,3,Unfurnished,Laxmi Nagar,2,11500000,Ready_to_move,New_Property,Builder_Floor,32000.0,2020,3,1,1700.0,Excellent,6,7.0,4.0,6764.705882352941
550.0,2,2,Unfurnished,"Guru Angad Nagar West, Laxmi Nagar",2,3600000,Ready_to_move,New_Property,Builder_Floor,32000.0,2021,2,1,550.0,Excellent,5,4.0,4.0,6545.454545454545
387.0,1,2,Unfurnished,"Guru Angad Nagar West, Laxmi Nagar",2,1700000,Ready_to_move,New_Property,Builder_Floor,32000.0,2002,11,1,387.0,Average,24,3.0,2.5,4392.764857881137
450.0,2,1,Unfurnished,"Lalita Park, Laxmi Nagar",2,2500000,Ready_to_move,Resale,Apartment,32000.0,2021,10,1,450.0,Excellent,5,3.0,4.0,5555.555555555556
900.0,4,2,Furnished,Laxmi Nagar,1,6600000,Ready_to_move,Resale,Builder_Floor,32000.0,1999,8,0,900.0,Fair,27,6.0,3.0,7333.333333333333
500.0,2,1,Semi-Furnished,Laxmi Nagar,1,3700000,Ready_to_move,Resale,Builder_Floor,32000.0,2011,4,0,500.0,Good,15,3.0,3.0,7400.0
441.0,2,1,Unfurnished,"Krishan Kunj, Laxmi Nagar",1,3500000,Ready_to_move,Resale,Apartment,32000.0,2009,2,0,441.0,Average,17,3.0,1.5,7936.507936507936
800.0,3,2,Semi-Furnished,"Lalita Park, Laxmi Nagar",1,5400000,Ready_to_move,Resale,Builder_Floor,32000.0,2005,9,0,800.0,Average,21,5.0,2.5,6750.0
450.0,2,2,Semi-Furnished,"Laxmi Nagar super area 450 sqft status Ready to Move floor 3 out of 4 floors transaction New Property furnishing Semi-Furnished facing East overlooking Main Road bathroom 2 balcony 1 ownership Freehold Newly Constructed Property East Facing Property This Builder Floor Apartment at 3rd faces East & overlooks Main Road offering a beautiful view from the house. with airy interiors. The type of ownership is Freehold. The Builder Floor Apartment is newly constructed. Bank loans available from LIC Housing Finance, Kotak Mahindra Bank, Indiabulls. Flooring of type Marble covers maximum part of the house. The location has easy access to, Dena Bank (0 km ), Delhi Convent School (0 km ), DDA Market (0 km ) and Nirman Vihar Metro Station (2 km ). read more Contact Owner View Phone No. Share Feedback Owner Sonia",1,2550000,Ready_to_move,New_Property,Builder_Floor,5666.0,1996,4,0,450.0,Fair,30,4.0,2.0,5666.666666666667
1000.0,3,3,Furnished,"Laxmi Nagar carpet area 1000 sqft status Ready to Move floor 1 out of 4 floors transaction Resale furnishing Furnished bathroom 3 balcony 1 It's a 1st floor Builder Floor Apartment in a building of total 4 floors. The age of construction for this Builder Floor Apartment is between 10 to 15 years. The location has easy access to, Dena Bank (0 km ), Delhi Convent School (0 km ), DDA Market (0 km ) and Nirman Vihar Metro Station (2 km ). read more Contact Owner View Phone No. Share Feedback Owner Vipul Jain",1,12500000,Ready_to_move,Resale,Builder_Floor,5666.0,2018,9,0,1000.0,Excellent,8,6.0,5.0,12500.0
715.0,2,2,Unfurnished,Laxmi Nagar,1,5600000,Ready_to_move,Resale,Apartment,5666.0,2005,11,0,715.0,Average,21,4.0,1.5,7832.167832167832
600.0,2,2,Unfurnished,Laxmi Nagar,1,7000000,Ready_to_move,Resale,Builder_Floor,11667.0,2015,13,0,600.0,Good,11,4.0,2.0,11666.666666666666
540.0,2,1,Unfurnished,Laxmi Nagar,1,3500000,Ready_to_move,Resale,Builder_Floor,11667.0,2007,8,0,540.0,Average,19,3.0,1.5,6481.481481481482
312.0,4,4,Furnished,"Bank Enclave, Laxmi Nagar",1,35000000,Ready_to_move,Resale,Apartment,112179.0,2006,1,0,312.0,Average,20,8.0,3.5,112179.48717948717
810.0,3,2,Semi-Furnished,Laxmi Nagar,1,9000000,Ready_to_move,Resale,Builder_Floor,11111.0,2021,5,0,810.0,Excellent,5,5.0,4.0,11111.111111111111
270.0,1,1,Semi-Furnished,"Guru Angad Nagar West, Laxmi Nagar",1,2300000,Ready_to_move,Resale,Builder_Floor,11111.0,1998,13,0,270.0,Fair,28,2.0,2.0,8518.518518518518
900.0,3,2,Semi-Furnished,Laxmi Nagar,1,6000000,Ready_to_move,Resale,Builder_Floor,11111.0,2017,8,0,900.0,Good,9,5.0,3.0,6666.666666666667
1000.0,3,2,Unfurnished,Laxmi Nagar,1,6000000,Ready_to_move,Resale,Apartment,11111.0,2017,10,0,1000.0,Good,9,5.0,2.0,6000.0
540.0,2,2,Semi-Furnished,Uttam Nagar,1,2650000,Ready_to_move,New_Property,Builder_Floor,,2007,7,0,540.0,Average,19,4.0,2.5,4907.407407407408
1000.0,3,2,Semi-Furnished,"Partap Homes, Bhagwati Vihar, Uttam Nagar",1,5510000,Almost_ready,New_Property,Builder_Floor,6111.0,2003,3,0,1000.0,Average,23,5.0,2.5,5510.0
500.0,2,2,Semi-Furnished,Dwarka Mor,1,3200000,Ready_to_move,New_Property,Builder_Floor,6111.0,1996,14,0,500.0,Fair,30,4.0,2.0,6400.0
540.0,2,2,Semi-Furnished,Uttam Nagar West,1,2600000,Ready_to_move,New_Property,Builder_Floor,6111.0,2023,12,0,540.0,Excellent,3,4.0,4.0,4814.814814814815
780.0,3,2,Semi-Furnished,Uttam Nagar,1,4000000,Ready_to_move,New_Property,Builder_Floor,6111.0,2023,15,0,780.0,Excellent,3,5.0,4.0,5128.205128205128
450.0,2,1,Semi-Furnished,Uttam Nagar West,1,1850000,Ready_to_move,New_Property,Builder_Floor,6111.0,2002,13,0,450.0,Average,24,3.0,2.5,4111.111111111111
360.0,1,1,Semi-Furnished,Uttam Nagar,1,1700000,Ready_to_move,New_Property,Builder_Floor,6111.0,1996,5,0,360.0,Fair,30,2.0,2.0,4722.222222222223
900.0,3,2,Semi-Furnished,"SB Residency, Dwarka Mor",1,2800000,Ready_to_move,New_Property,Builder_Floor,6111.0,1999,4,0,900.0,Fair,27,5.0,2.0,3111.1111111111113
495.0,2,2,Semi-Furnished,Uttam Nagar West,1,2150000,Ready_to_move,New_Property,Builder_Floor,6111.0,1997,4,0,495.0,Fair,29,4.0,2.0,4343.434343434344
1200.0,4,3,Semi-Furnished,"SB Residency, Dwarka Mor",1,6800000,Ready_to_move,New_Property,Builder_Floor,6111.0,2020,14,0,1200.0,Excellent,6,7.0,4.0,5666.666666666667
1000.0,3,2,Semi-Furnished,Uttam Nagar,1,6200000,Ready_to_move,New_Property,Builder_Floor,6111.0,2021,9,0,1000.0,Excellent,5,5.0,4.0,6200.0
620.0,2,2,Semi-Furnished,Uttam Nagar,1,3100000,Ready_to_move,New_Property,Builder_Floor,6111.0,2000,7,0,620.0,Fair,26,4.0,2.0,5000.0
680.0,3,2,Semi-Furnished,Dwarka Mor,1,3400000,Ready_to_move,New_Property,Builder_Floor,6111.0,2017,15,0,680.0,Good,9,5.0,3.0,5000.0
805.0,2,2,Unfurnished,"Kiran Garden, Uttam Nagar",1,4000000,Ready_to_move,Resale,Builder_Floor,6111.0,2001,10,0,805.0,Average,25,4.0,1.5,4968.944099378882
729.0,2,2,Semi-Furnished,"Mohan Garden, Razapur Khurd",1,4800000,Ready_to_move,Resale,Builder_Floor,6584.0,2006,14,0,729.0,Average,20,4.0,2.5,6584.3621399176955
540.0,2,2,Semi-Furnished,Uttam Nagar,1,2500000,Ready_to_move,New_Property,Builder_Floor,6584.0,2013,15,0,540.0,Good,13,4.0,3.0,4629.62962962963
360.0,1,1,Semi-Furnished,Uttam Nagar,1,2000000,Ready_to_move,New_Property,Builder_Floor,6584.0,2016,2,0,360.0,Good,10,2.0,3.0,5555.555555555556
550.0,2,2,Semi-Furnished,Uttam Nagar West,1,1900000,Ready_to_move,New_Property,Builder_Floor,6584.0,2021,6,0,550.0,Excellent,5,4.0,4.0,3454.5454545454545
1001.0,3,2,Furnished,"Mitya Homes, Dwarka Mor",1,5800000,Ready_to_move,New_Property,Builder_Floor,5794.0,1997,12,0,1001.0,Fair,29,5.0,3.0,5794.2057942057945
450.0,2,2,Unfurnished,Dwarka Mor,1,2900000,Ready_to_move,Resale,Builder_Floor,5794.0,2001,13,0,450.0,Average,25,4.0,1.5,6444.444444444444
550.0,2,1,Semi-Furnished,Uttam Nagar West,1,2000000,Ready_to_move,New_Property,Builder_Floor,5794.0,2004,3,0,550.0,Average,22,3.0,2.5,3636.3636363636365
550.0,2,2,Semi-Furnished,"Uttam Nagar carpet area 550 sqft status Ready to Move transaction New Property furnishing Semi-Furnished facing East overlooking Main Road bathroom 2 balcony 1 ownership Freehold Newly Constructed Property Newly Constructed Property East Facing Property 2bhk fully furnished flats available for sale at uttam nagar, the flat is fully loaded, one singal wall texture in all bedrooms, modular kitchen, LED pannel in drawing room, wardrobes in bedroom read more Contact Agent View Phone No. Share Feedback Pranita Developers Pvt. Ltd. Certified Agent Trusted by Users Genuine Listings 100+ Buyers Served",1,2600000,Ready_to_move,New_Property,Builder_Floor,5794.0,2004,5,0,550.0,Average,22,4.0,2.5,4727.272727272727
675.0,2,1,Unfurnished,Uttam Nagar,1,2900000,Ready_to_move,Resale,Builder_Floor,5794.0,2024,9,0,675.0,New,2,3.0,3.0,4296.2962962962965
585.0,2,2,Unfurnished,Uttam Nagar,1,3200000,Ready_to_move,Resale,Builder_Floor,5794.0,2018,12,0,585.0,Excellent,8,4.0,3.0,5470.08547008547
810.0,3,2,Semi-Furnished,"New Uttam Nagar, Uttam Nagar",1,5400000,Ready_to_move,Resale,Builder_Floor,5794.0,2005,2,0,810.0,Average,21,5.0,2.5,6666.666666666667
765.0,3,2,Semi-Furnished,Dwarka Mor,1,3800000,Ready_to_move,Resale,Builder_Floor,5794.0,2024,10,0,765.0,New,2,5.0,4.0,4967.320261437909
70.0,2,3,Furnished,"Patel Nagar South, Patel Nagar",1,8200000,Ready_to_move,New_Property,Builder_Floor,23840.0,2010,5,0,70.0,Average,16,5.0,3.5,117142.85714285714
800.0,3,2,Unfurnished,Patel Nagar West,1,8000000,Ready_to_move,Resale,Builder_Floor,23840.0,2010,4,0,800.0,Average,16,5.0,1.5,10000.0
900.0,3,2,Semi-Furnished,Patel Nagar West,1,9500000,Ready_to_move,Resale,Builder_Floor,23840.0,2008,8,0,900.0,Average,18,5.0,2.5,10555.555555555555
1680.0,4,5,Semi-Furnished,Patel Nagar West,1,20000000,Ready_to_move,Resale,Builder_Floor,23840.0,2000,7,0,1680.0,Fair,26,9.0,2.0,11904.761904761905
900.0,2,2,Furnished,Patel Nagar West,3,7400000,Ready_to_move,Resale,Builder_Floor,23840.0,2023,10,1,900.0,Excellent,3,4.0,5.0,8222.222222222223
2000.0,3,3,Semi-Furnished,"Patel Nagar East, Patel Nagar",1,37500000,Ready_to_move,Resale,Apartment,23840.0,1996,5,0,2000.0,Fair,30,6.0,2.0,18750.0
2000.0,4,4,Semi-Furnished,Patel Nagar West,3,15000000,Ready_to_move,Resale,Builder_Floor,7500.0,2001,13,1,2000.0,Average,25,8.0,3.5,7500.0
1900.0,3,3,Semi-Furnished,"The Leela Sky Villas, Patel Nagar",1,55300000,Almost_ready,New_Property,Apartment,7500.0,2002,2,0,1900.0,Average,24,6.0,2.5,29105.263157894737
1530.0,3,3,Semi-Furnished,"Patel Nagar East, Patel Nagar",2,26500000,Ready_to_move,Resale,Builder_Floor,7500.0,2004,13,1,1530.0,Average,22,6.0,3.5,17320.261437908495
100.0,3,2,Semi-Furnished,"Patel Nagar East, Patel Nagar",2,16000000,Ready_to_move,Resale,Apartment,160000.0,1999,1,1,100.0,Fair,27,5.0,3.0,160000.0
900.0,3,2,Furnished,Patel Nagar West,2,10400000,Ready_to_move,Resale,Builder_Floor,11556.0,1996,12,1,900.0,Fair,30,5.0,4.0,11555.555555555555
270.0,1,1,Unfurnished,Patel Nagar West,2,1700000,Ready_to_move,Resale,Builder_Floor,11556.0,2015,6,1,270.0,Good,11,2.0,3.0,6296.2962962962965
950.0,2,2,Semi-Furnished,Patel Nagar West,2,8000000,Ready_to_move,Resale,Builder_Floor,8421.0,2024,6,1,950.0,New,2,4.0,5.0,8421.052631578947
1800.0,3,3,Semi-Furnished,"Patel Nagar East, Patel Nagar",2,27000000,Ready_to_move,Resale,Builder_Floor,8421.0,1999,1,1,1800.0,Fair,27,6.0,3.0,15000.0
1500.0,3,3,Semi-Furnished,Patel Nagar West,2,19500000,Ready_to_move,Resale,Builder_Floor,8421.0,2004,11,1,1500.0,Average,22,6.0,3.5,13000.0
1800.0,3,3,Furnished,"Patel Nagar East, Patel Nagar",3,50000000,Ready_to_move,Resale,Apartment,27778.0,2010,3,1,1800.0,Average,16,6.0,4.5,27777.777777777777
1800.0,3,3,Unfurnished,Patel Nagar West,3,21100000,Ready_to_move,Resale,Builder_Floor,11722.0,2022,10,2,1800.0,Excellent,4,6.0,4.0,11722.222222222223
850.0,2,3,Semi-Furnished,Patel Nagar West,1,5900000,Ready_to_move,Resale,Builder_Floor,24718.0,2016,11,0,850.0,Good,10,5.0,3.0,6941.176470588235
140.0,3,2,Unfurnished,"Punjabi Basti, Patel Nagar",1,12000000,Ready_to_move,New_Property,Builder_Floor,85714.0,2018,13,0,140.0,Excellent,8,5.0,3.0,85714.28571428571
900.0,3,2,Unfurnished,Patel Nagar West,1,12000000,Ready_to_move,Resale,Builder_Floor,13333.0,2012,11,0,900.0,Good,14,5.0,2.0,13333.333333333334
1800.0,3,3,Unfurnished,Patel Nagar West,1,24000000,Ready_to_move,Resale,Apartment,13333.0,2008,5,0,1800.0,Average,18,6.0,1.5,13333.333333333334
200.0,1,1,Semi-Furnished,"Patel Nagar East, Patel Nagar",1,7000000,Ready_to_move,Resale,Apartment,13333.0,2001,12,0,200.0,Average,25,2.0,2.5,35000.0
1782.0,3,3,Semi-Furnished,"Patel Nagar East, Patel Nagar",1,15000000,Ready_to_move,Resale,Apartment,8418.0,2021,13,0,1782.0,Excellent,5,6.0,4.0,8417.508417508418
900.0,2,2,Furnished,"Baljit Nagar, Patel Nagar",1,1500000,Ready_to_move,Resale,Builder_Floor,1667.0,2019,5,0,900.0,Excellent,7,4.0,5.0,1666.6666666666667
405.0,2,1,Semi-Furnished,Patel Nagar West,1,3950000,Ready_to_move,Resale,Apartment,1667.0,1996,2,0,405.0,Fair,30,3.0,2.0,9753.086419753086
1500.0,3,3,Unfurnished,Patel Nagar West,1,12500000,Ready_to_move,Resale,Builder_Floor,8333.0,2016,14,0,1500.0,Good,10,6.0,2.0,8333.333333333334
66.0,3,1,Unfurnished,"Baljit Nagar, Patel Nagar",1,1600000,Ready_to_move,New_Property,Apartment,24242.0,1998,3,0,66.0,Fair,28,4.0,1.0,24242.424242424244
2000.0,4,4,Unfurnished,"DDA Flats Vasant Kunj, Vasant Kunj Sector B",2,36500000,Ready_to_move,Resale,Apartment,,2017,9,1,2000.0,Good,9,8.0,3.0,18250.0
1200.0,3,2,Semi-Furnished,"DDA Flats Vasant Kunj, Vasant Kunj carpet area 1200 sqft status Ready to Move floor 5 out of 7 floors transaction Resale furnishing Semi-Furnished facing North - West overlooking Garden/Park, Main Road society DDA Flats Vasant Kunj car parking 1 Covered, 1 Open bathroom 2 balcony 2 ownership Freehold A southEAST facing 3 bhk resale flat is available in the promising locality of sectorE vasant kunj vasant kunj, delhi south. It is a ready to move in spacious flat and is located on the 5th floor. Every single detail of the flat is carefully designed. This property offers quality specifications such as lifts, park, water storage and securityfire alar. It is a gated society flat. It provides a spectacular view of the main road and parkgarden. The apartment is priced at rs. 2 cr. It is a freehold property, with a super builtUp area of 1600 sq. Ft. The property price is negotiable. read more Contact Agent Enquire Now Share Feedback Crisil Silver Agent Link Properties Pvt. Ltd. 5000+ Buyers Served",1,20000000,Ready_to_move,Resale,Apartment,,2019,4,0,1200.0,Excellent,7,5.0,4.0,16666.666666666668
1100.0,2,2,Semi-Furnished,Vasant Kunj,1,15000000,Ready_to_move,Resale,Apartment,,1999,2,0,1100.0,Fair,27,4.0,2.0,13636.363636363636
1400.0,3,2,Semi-Furnished,Vasant Kunj,2,25000000,Ready_to_move,New_Property,Apartment,,2008,12,1,1400.0,Average,18,5.0,3.5,17857.14285714286
1600.0,3,2,Semi-Furnished,"DDA Flats Vasant Kunj, Vasant Kunj",2,18500000,Ready_to_move,Resale,Apartment,,1999,3,1,1600.0,Fair,27,5.0,3.0,11562.5
1600.0,4,3,Unfurnished,"DDA Flats Pocket 1, Vasant Kunj Sector B",2,23500000,Ready_to_move,Resale,Apartment,,2012,11,1,1600.0,Good,14,7.0,3.0,14687.5
600.0,1,1,Semi-Furnished,Vasant Kunj,1,8000000,Ready_to_move,New_Property,Apartment,,2022,11,0,600.0,Excellent,4,2.0,4.0,13333.333333333334
1600.0,3,2,Unfurnished,"Saraswati Narmada Ganga Yamuna Apartment, Vasant Kunj Sector D",1,23000000,Ready_to_move,Resale,Apartment,,1998,1,0,1600.0,Fair,28,5.0,1.0,14375.0
2000.0,3,3,Unfurnished,"DDA Flats Vasant Kunj, Vasant Kunj",1,31000000,Ready_to_move,Resale,Apartment,15500.0,2007,3,0,2000.0,Average,19,6.0,1.5,15500.0
650.0,1,2,Semi-Furnished,"DDA Flats Sector E Pocket 1, Vasant Kunj",1,7400000,Ready_to_move,Resale,Apartment,15500.0,2024,12,0,650.0,New,2,3.0,4.0,11384.615384615385
1100.0,2,2,Unfurnished,Vasant Kunj,1,15500000,Ready_to_move,Resale,Apartment,15500.0,2004,8,0,1100.0,Average,22,4.0,1.5,14090.90909090909
1075.0,2,2,Semi-Furnished,"DDA Flats Sector E Pocket 1, Vasant Kunj",2,12000000,Ready_to_move,New_Property,Apartment,15500.0,1999,2,1,1075.0,Fair,27,4.0,3.0,11162.790697674418
1450.0,3,2,Semi-Furnished,"DDA Flats Vasant Kunj, Vasant Kunj Sector D",2,23500000,Ready_to_move,Resale,Apartment,15500.0,2010,15,1,1450.0,Average,16,5.0,3.5,16206.896551724138
1200.0,3,2,Semi-Furnished,Vasant Kunj Sector A,2,25000000,Ready_to_move,Resale,Apartment,20833.0,2010,4,1,1200.0,Average,16,5.0,3.5,20833.333333333332
600.0,1,2,Unfurnished,"E2 Vasant Kunj, Vasant Kunj",2,7000000,Ready_to_move,New_Property,Apartment,20833.0,2015,1,1,600.0,Good,11,3.0,3.0,11666.666666666666
1000.0,2,2,Unfurnished,"DDA Flats Vasant Kunj, Vasant Kunj",1,17500000,Ready_to_move,Resale,Apartment,20833.0,2005,14,0,1000.0,Average,21,4.0,1.5,17500.0
1600.0,3,2,Semi-Furnished,"Ganga Apartment Sector D Pocket 6, Vasant Kunj",1,25000000,Ready_to_move,Resale,Apartment,20833.0,2023,1,0,1600.0,Excellent,3,5.0,4.0,15625.0
1750.0,4,4,Unfurnished,Vasant Kunj Sector C,1,29000000,Ready_to_move,New_Property,Apartment,20833.0,2011,9,0,1750.0,Good,15,8.0,2.0,16571.428571428572
1300.0,3,3,Semi-Furnished,"DDA Flats Sector E Pocket 1, Vasant Kunj",1,21900000,Ready_to_move,Resale,Apartment,20833.0,2004,15,0,1300.0,Average,22,6.0,2.5,16846.153846153848
550.0,1,2,Furnished,Vasant Kunj Sector D,1,7500000,Ready_to_move,Resale,Apartment,20833.0,2023,9,0,550.0,Excellent,3,3.0,5.0,13636.363636363636
2200.0,4,3,Semi-Furnished,"DDA Flats Vasant Kunj, Vasant Kunj Sector C",2,23500000,Ready_to_move,Resale,Apartment,10681.0,2022,9,1,2200.0,Excellent,4,7.0,5.0,10681.818181818182
1100.0,2,2,Semi-Furnished,Vasant Kunj Sector C,2,24000000,Ready_to_move,Resale,Apartment,21818.0,2010,6,1,1100.0,Average,16,4.0,3.5,21818.18181818182
1700.0,3,2,Semi-Furnished,Vasant Kunj,2,31000000,Ready_to_move,Resale,Builder_Floor,21818.0,1996,2,1,1700.0,Fair,30,5.0,3.0,18235.29411764706
1100.0,2,2,Semi-Furnished,Vasant Kunj,3,16500000,Ready_to_move,Resale,Apartment,21818.0,2013,9,1,1100.0,Good,13,4.0,4.0,15000.0
1000.0,2,2,Furnished,"Kishangarh, Vasant Kunj",1,5000000,Ready_to_move,Resale,Builder_Floor,21818.0,2012,14,0,1000.0,Good,14,4.0,4.0,5000.0
1350.0,3,2,Furnished,"DDA Pocket 1, Vasant Kunj Sector D",1,24000000,Ready_to_move,New_Property,Apartment,21818.0,2000,2,0,1350.0,Fair,26,5.0,3.0,17777.777777777777
1184.0,2,2,Semi-Furnished,"Ganga Apartment Sector D Pocket 6, Vasant Kunj",1,17000000,Ready_to_move,Resale,Apartment,14358.0,2014,14,0,1184.0,Good,12,4.0,3.0,14358.108108108108
2000.0,4,2,Furnished,Vasant Kunj Sector B,1,40000000,Ready_to_move,New_Property,Apartment,14358.0,2020,7,0,2000.0,Excellent,6,6.0,5.0,20000.0
3500.0,4,4,Semi-Furnished,Vasant Kunj,5,22500000,Ready_to_move,New_Property,Builder_Floor,14358.0,1999,9,2,3500.0,Fair,27,8.0,3.0,6428.571428571428
900.0,3,3,Furnished,Vasant Kunj,2,20000000,Ready_to_move,Resale,Builder_Floor,14358.0,2016,3,1,900.0,Good,10,6.0,5.0,22222.222222222223
450.0,2,2,Semi-Furnished,"Gandhi Nagar, Shahdara",1,2900000,Ready_to_move,Resale,Apartment,58000.0,2000,10,0,450.0,Fair,26,4.0,2.0,6444.444444444444
540.0,5,2,Semi-Furnished,"Gandhi Nagar, Shahdara",1,17000000,Ready_to_move,Resale,Apartment,58000.0,2017,3,0,540.0,Good,9,7.0,3.0,31481.48148148148
1350.0,3,3,Semi-Furnished,"Gandhi Nagar, Shahdara",1,25000000,Ready_to_move,Resale,Apartment,18519.0,2008,5,0,1350.0,Average,18,6.0,2.5,18518.51851851852
2250.0,3,2,Semi-Furnished,"Gandhi Nagar, Shahdara",1,10000000,Ready_to_move,Resale,Apartment,4444.0,1996,11,0,2250.0,Fair,30,5.0,2.0,4444.444444444444
1250.0,2,1,Semi-Furnished,"DDA Flats Mansarovar Park, Seelampur, Shahdara",1,7500000,Ready_to_move,Resale,Apartment,4444.0,2024,1,0,1250.0,New,2,3.0,4.0,6000.0
504.0,3,1,Semi-Furnished,"Seelampur, Shahdara",1,3600000,Ready_to_move,Resale,Apartment,7143.0,2000,7,0,504.0,Fair,26,4.0,2.0,7142.857142857143
65.0,3,2,Semi-Furnished,"Shanti Mohalla, Shahdara",1,35000000,Ready_to_move,New_Property,Apartment,7143.0,2013,9,0,65.0,Good,13,5.0,3.0,538461.5384615385
450.0,2,1,Unfurnished,"Seelampur, Shahdara",1,6000000,Ready_to_move,Resale,Apartment,13333.0,2001,2,0,450.0,Average,25,3.0,1.5,13333.333333333334
1800.0,4,2,Furnished,"Rajgarh Colony, Shahdara",1,17500000,Ready_to_move,Resale,Builder_Floor,9722.0,2023,5,0,1800.0,Excellent,3,6.0,5.0,9722.222222222223
1800.0,4,3,Furnished,"Kanti Nagar East, Shahdara",1,35000000,Ready_to_move,Resale,Builder_Floor,19444.0,2017,6,0,1800.0,Good,9,7.0,4.0,19444.444444444445
1530.0,5,2,Furnished,"Raghubarpura, Shahdara",1,10200000,Ready_to_move,Resale,Builder_Floor,6667.0,2019,10,0,1530.0,Excellent,7,7.0,5.0,6666.666666666667
1750.0,4,4,Unfurnished,Vasant Kunj Sector C,1,29000000,Ready_to_move,New_Property,Apartment,6667.0,2008,15,0,1750.0,Average,18,8.0,1.5,16571.428571428572
2210.0,4,3,Semi-Furnished,"Sukhdev Vihar, Okhla",1,41000000,Ready_to_move,Resale,Builder_Floor,6667.0,2009,13,0,2210.0,Average,17,7.0,2.5,18552.036199095022
760.0,3,2,Furnished,Geeta Colony,1,6000000,Ready_to_move,Resale,Builder_Floor,6667.0,2014,3,0,760.0,Good,12,5.0,4.0,7894.736842105263
400.0,2,1,Furnished,Krishna Nagar Block A,1,2500000,Ready_to_move,New_Property,Apartment,6667.0,2018,1,0,400.0,Excellent,8,3.0,5.0,6250.0
380.0,1,1,Unfurnished,Geeta Colony,1,2200000,Ready_to_move,Resale,Builder_Floor,6667.0,2020,1,0,380.0,Excellent,6,2.0,3.0,5789.473684210527
904.1676,2,2,Furnished,"Taj Enclave, Khairatabad",1,21500000,Ready_to_move,New_Property,Apartment,6667.0,1996,9,0,904.17,Fair,30,4.0,3.0,23778.777297483342
900.0,4,1,Furnished,"Shastri Park, Shahdara",1,15000000,Ready_to_move,Resale,Apartment,6667.0,2015,3,0,900.0,Good,11,5.0,4.0,16666.666666666668
810.0,5,6,Furnished,Geeta Colony,1,28900000,Ready_to_move,Resale,Apartment,6667.0,1999,4,0,810.0,Fair,27,11.0,3.0,35679.01234567901
100.0,3,2,Unfurnished,Geeta Colony,1,5500000,Ready_to_move,Resale,Builder_Floor,6667.0,2004,13,0,100.0,Average,22,5.0,1.5,55000.0
50.0,2,1,Semi-Furnished,"Shastri Park, Shahdara",1,1950000,Ready_to_move,New_Property,Apartment,6667.0,2020,14,0,50.0,Excellent,6,3.0,4.0,39000.0
58.0,2,1,Unfurnished,Geeta Colony,1,3800000,Ready_to_move,Resale,Apartment,6667.0,2003,13,0,58.0,Average,23,3.0,1.5,65517.24137931035
900.0,2,1,Semi-Furnished,"Sitaram Bazar, Chandni Chowk",1,6200000,Ready_to_move,New_Property,Builder_Floor,6667.0,2019,4,0,900.0,Excellent,7,3.0,4.0,6888.888888888889
1650.0,4,3,Furnished,Shahdara,1,14000000,Almost_ready,New_Property,Apartment,6667.0,2009,10,0,1650.0,Average,17,7.0,3.5,8484.848484848484
1000.0,2,2,Unfurnished,Laxmi Nagar,1,7500000,Ready_to_move,Resale,Apartment,6667.0,2002,10,0,1000.0,Average,24,4.0,1.5,7500.0
852.0,2,2,Unfurnished,Shahdara How Auctions work? The borrower has the physical possession of the Property. However the lender (Bank) can legally sell the Property. super area 852 sqft status Ready to Move transaction Resale ownership Freehold bathroom 2 Contact Now Enquire Now Auction By,1,2670000,Ready_to_move,Resale,Apartment,6667.0,2005,3,0,852.0,Average,21,4.0,1.5,3133.8028169014083
700.0,2,2,Semi-Furnished,Shahdara,1,2500000,Ready_to_move,Resale,Apartment,6667.0,2011,9,0,700.0,Good,15,4.0,3.0,3571.4285714285716
1000.0,2,2,Unfurnished,Laxmi Nagar,1,5000000,Ready_to_move,New_Property,Apartment,5000.0,2018,8,0,1000.0,Excellent,8,4.0,3.0,5000.0
1700.0,4,3,Semi-Furnished,Saket,2,29500000,Ready_to_move,Resale,Builder_Floor,21071.0,2013,6,1,1700.0,Good,13,7.0,4.0,17352.941176470587
1350.0,3,2,Unfurnished,"Anupam Enclave, Saket",1,19000000,Ready_to_move,Resale,Builder_Floor,14074.0,2023,12,0,1350.0,Excellent,3,5.0,3.0,14074.074074074075
2100.0,4,3,Furnished,Saket,1,25500000,Ready_to_move,Resale,Apartment,14074.0,2021,11,0,2100.0,Excellent,5,7.0,5.0,12142.857142857143
2600.0,4,4,Semi-Furnished,Saket,3,75000000,Ready_to_move,New_Property,Builder_Floor,28846.0,2017,8,2,2600.0,Good,9,8.0,4.0,28846.153846153848
3000.0,4,5,Semi-Furnished,Saket,4,75000000,Ready_to_move,New_Property,Builder_Floor,28846.0,2013,11,3,3000.0,Good,13,9.0,4.0,25000.0
1450.0,3,3,Semi-Furnished,"RWA Flats, Saket",1,34000000,Almost_ready,New_Property,Builder_Floor,28846.0,2004,12,0,1450.0,Average,22,6.0,2.5,23448.275862068964
2050.0,4,4,Semi-Furnished,Saket,1,47500000,Ready_to_move,New_Property,Builder_Floor,28846.0,2007,9,0,2050.0,Average,19,8.0,2.5,23170.731707317074
3000.0,4,5,Semi-Furnished,"Metrotech Builder Floors, Saket",3,75000000,Ready_to_move,New_Property,Builder_Floor,28846.0,1999,5,2,3000.0,Fair,27,9.0,3.0,25000.0
1800.0,3,3,Semi-Furnished,"Saket Court Residential Complex, Saket",2,23000000,Ready_to_move,Resale,Apartment,28846.0,2006,12,1,1800.0,Average,20,6.0,3.5,12777.777777777777
900.0,3,2,Semi-Furnished,"Press Enclave Society, Saket",1,24000000,Ready_to_move,Resale,Apartment,28846.0,2022,11,0,900.0,Excellent,4,5.0,4.0,26666.666666666668
1500.0,3,2,Semi-Furnished,"RWA Flats, Saket",2,21500000,Ready_to_move,Resale,Apartment,28846.0,2008,15,1,1500.0,Average,18,5.0,3.5,14333.333333333334
1500.0,3,2,Semi-Furnished,Saket,1,28500000,Ready_to_move,New_Property,Builder_Floor,28846.0,1999,3,0,1500.0,Fair,27,5.0,2.0,19000.0
1800.0,4,4,Semi-Furnished,"Project Paryavaran Complex, Saket",1,12500000,Ready_to_move,Resale,Builder_Floor,6944.0,2014,7,0,1800.0,Good,12,8.0,3.0,6944.444444444444
1674.0,3,3,Unfurnished,Saket,1,45000000,Ready_to_move,Resale,Builder_Floor,6944.0,2023,14,0,1674.0,Excellent,3,6.0,3.0,26881.720430107525
2025.0,4,3,Furnished,Saket,2,30500000,Ready_to_move,Resale,Builder_Floor,6944.0,2021,8,1,2025.0,Excellent,5,7.0,5.0,15061.728395061727
1300.0,3,3,Semi-Furnished,Saket,3,22500000,Ready_to_move,Resale,Builder_Floor,6944.0,2003,15,1,1300.0,Average,23,6.0,3.5,17307.69230769231
990.0,3,3,Furnished,"Press Enclave Society, Saket",1,28000000,Ready_to_move,Resale,Apartment,6944.0,2009,1,0,990.0,Average,17,6.0,3.5,28282.828282828283
2100.0,3,4,Semi-Furnished,Saket,2,25000000,Ready_to_move,Resale,Builder_Floor,14705.0,2011,1,1,2100.0,Good,15,7.0,4.0,11904.761904761905
2250.0,4,4,Semi-Furnished,Saket,2,33700000,Ready_to_move,Resale,Builder_Floor,14705.0,2003,12,1,2250.0,Average,23,8.0,3.5,14977.777777777777
1500.0,3,3,Semi-Furnished,Saket,1,27000000,Ready_to_move,Resale,Builder_Floor,18000.0,2003,6,0,1500.0,Average,23,6.0,2.5,18000.0
2700.0,4,4,Semi-Furnished,Saket,2,43500000,Ready_to_move,New_Property,Builder_Floor,18000.0,2002,8,1,2700.0,Average,24,8.0,3.5,16111.111111111111
1700.0,3,3,Semi-Furnished,"RWA Flats, Saket",2,29000000,Ready_to_move,New_Property,Builder_Floor,18000.0,2024,7,1,1700.0,New,2,6.0,5.0,17058.823529411766
1700.0,3,3,Semi-Furnished,Saket,2,30000000,Ready_to_move,Resale,Builder_Floor,17647.0,2017,7,1,1700.0,Good,9,6.0,4.0,17647.058823529413
2050.0,4,4,Semi-Furnished,Saket,2,52100000,Ready_to_move,New_Property,Apartment,17647.0,2020,15,1,2050.0,Excellent,6,8.0,5.0,25414.634146341465
1800.0,3,3,Unfurnished,Saket,1,32500000,Ready_to_move,New_Property,Builder_Floor,18055.0,2019,2,0,1800.0,Excellent,7,6.0,3.0,18055.555555555555
1500.0,3,2,Semi-Furnished,Saket,1,20500000,Ready_to_move,Resale,Apartment,18055.0,2023,12,0,1500.0,Excellent,3,5.0,4.0,13666.666666666666
2000.0,4,3,Semi-Furnished,Saket,1,25000000,Ready_to_move,Resale,Apartment,12500.0,1999,14,0,2000.0,Fair,27,7.0,2.0,12500.0
1500.0,3,3,Semi-Furnished,Saket,2,30000000,Ready_to_move,Resale,Builder_Floor,12500.0,2021,10,1,1500.0,Excellent,5,6.0,5.0,20000.0
24300.0,4,5,Semi-Furnished,Saket,2,51000000,Ready_to_move,Resale,Builder_Floor,12500.0,1997,6,1,24300.0,Fair,29,9.0,3.0,2098.7654320987654
2475.0,4,4,Semi-Furnished,Saket,1,31000000,Ready_to_move,Resale,Builder_Floor,12500.0,2009,3,0,2475.0,Average,17,8.0,2.5,12525.252525252525
1800.0,3,3,Semi-Furnished,Safdarjung Enclave,1,37500000,Ready_to_move,New_Property,Builder_Floor,,2013,11,0,1800.0,Good,13,6.0,3.0,20833.333333333332
1300.0,3,3,Semi-Furnished,"Arjun Nagar, Safdarjung Enclave",1,32500000,Ready_to_move,New_Property,Builder_Floor,,2006,8,0,1300.0,Average,20,6.0,2.5,25000.0
1500.0,3,3,Semi-Furnished,Safdarjung Enclave,4,37500000,Ready_to_move,New_Property,Builder_Floor,25000.0,2000,3,3,1500.0,Fair,26,6.0,3.0,25000.0
2100.0,4,4,Semi-Furnished,Safdarjung Enclave,3,55000000,Ready_to_move,New_Property,Builder_Floor,25000.0,2001,6,2,2100.0,Average,25,8.0,3.5,26190.47619047619
1800.0,4,4,Semi-Furnished,Safdarjung Enclave,2,87500000,Ready_to_move,New_Property,Builder_Floor,25000.0,2019,15,1,1800.0,Excellent,7,8.0,5.0,48611.11111111111
1100.0,2,2,Unfurnished,Safdarjung Enclave,1,16300000,Ready_to_move,Resale,Apartment,14818.0,2005,4,0,1100.0,Average,21,4.0,1.5,14818.181818181818
2035.0,4,4,Unfurnished,Safdarjung Enclave,2,65000000,Ready_to_move,New_Property,Builder_Floor,14818.0,2004,3,1,2035.0,Average,22,8.0,2.5,31941.031941031943
1100.0,3,3,Unfurnished,"Safdarjung Enclave carpet area 1100 sqft status Ready to Move floor Ground out of 4 floors transaction Resale furnishing Unfurnished facing North - East overlooking Garden/Park, Main Road car parking 1 Covered, 1 Open bathroom 3 balcony 3 ownership Freehold if you are searching for your dream house, congratulation. you're not so far from your destiny. we got unbeatable ground floor in b-block safdarjung enclave for sale. it is in 150 yds. It has 3 large king sized bedroom attached bathroom with Jacuzzi and roof top shower with all other fittings. it has modular kitchen with all needed facility. it has 3 big balcony with amazing out side view. it has 1 servant quarter also. it has 1 reserved car parking with gated society. It has 24*7 water supply with full power backup. for more information contact us at once because it can be your dream house. read more Contact Agent View Phone No. Share Feedback Crisil Silver Agent Sagar Home Developers Pvt. Ltd. 1000+ Buyers Served",1,25000000,Ready_to_move,Resale,Builder_Floor,14818.0,2022,11,0,1100.0,Excellent,4,6.0,3.0,22727.272727272728
1550.0,3,3,Semi-Furnished,Safdarjung Enclave,1,38000000,Ready_to_move,New_Property,Builder_Floor,14818.0,2000,3,0,1550.0,Fair,26,6.0,2.0,24516.129032258064
700.0,2,2,Unfurnished,Safdarjung Enclave,1,15000000,Ready_to_move,Resale,Builder_Floor,14818.0,2022,14,0,700.0,Excellent,4,4.0,3.0,21428.571428571428
150.0,2,1,Semi-Furnished,"Arjun Nagar, Safdarjung Enclave",1,2000000,Ready_to_move,Resale,Apartment,14818.0,2022,13,0,150.0,Excellent,4,3.0,4.0,13333.333333333334
540.0,1,1,Unfurnished,"Arjun Nagar, Safdarjung Enclave",1,3000000,Ready_to_move,Resale,Builder_Floor,14818.0,2013,15,0,540.0,Good,13,2.0,2.0,5555.555555555556
810.0,2,2,Semi-Furnished,Krishna Nagar-Safdarjung Enclave,1,8500000,Ready_to_move,Resale,Builder_Floor,14818.0,2000,14,0,810.0,Fair,26,4.0,2.0,10493.827160493827
3250.0,4,4,Semi-Furnished,"Safdarjung Enclave carpet area 3250 sqft status Ready to Move floor 1 out of 4 floors transaction Resale furnishing Semi-Furnished facing North - East overlooking Garden/Park, Main Road car parking 1 Covered bathroom 4 balcony 3 ownership Freehold Near Buy Green park Metro station. The location of the property is Awesome and Peaceful. The construction is very Highend and Very tasteful Done-up. The Same property is location on the FF. 4 Side corner read more Contact Agent Enquire Now Share Feedback Crisil Silver Agent Findahouse Real Estate Consultants LLP 2000+ Buyers Served",1,55000000,Ready_to_move,Resale,Builder_Floor,14818.0,2000,4,0,3250.0,Fair,26,8.0,2.0,16923.076923076922
1600.0,3,3,Semi-Furnished,Safdarjung Enclave,2,22500000,Ready_to_move,Resale,Builder_Floor,14818.0,2004,4,1,1600.0,Average,22,6.0,3.5,14062.5
4000.0,4,4,Semi-Furnished,Safdarjung Enclave,1,72500000,Ready_to_move,Resale,Builder_Floor,14818.0,2012,6,0,4000.0,Good,14,8.0,3.0,18125.0
5500.0,6,7,Furnished,Safdarjung Enclave,1,160000000,Ready_to_move,Resale,Apartment,14818.0,2000,8,0,5500.0,Fair,26,13.0,3.0,29090.909090909092
900.0,3,3,Semi-Furnished,Krishna Nagar-Safdarjung Enclave,1,12500000,Ready_to_move,New_Property,Builder_Floor,14818.0,2009,14,0,900.0,Average,17,6.0,2.5,13888.888888888889
972.0,2,2,Semi-Furnished,Safdarjung Enclave,1,17000000,Ready_to_move,Resale,Apartment,14818.0,1999,12,0,972.0,Fair,27,4.0,2.0,17489.711934156378
4150.0,4,4,Unfurnished,Safdarjung Enclave,3,82500000,Ready_to_move,New_Property,Builder_Floor,14818.0,2011,10,1,4150.0,Good,15,8.0,3.0,19879.518072289156
2250.0,4,5,Semi-Furnished,Safdarjung Enclave,2,55000000,Ready_to_move,New_Property,Builder_Floor,14818.0,1996,14,1,2250.0,Fair,30,9.0,3.0,24444.444444444445
1650.0,3,3,Semi-Furnished,Safdarjung Enclave,1,35000000,Ready_to_move,New_Property,Builder_Floor,14818.0,2016,10,0,1650.0,Good,10,6.0,3.0,21212.121212121212
2610.0,4,4,Semi-Furnished,Safdarjung Enclave carpet area 290 sqyrd status Ready to Move floor 2 out of 3 floors transaction Resale furnishing Semi-Furnished facing West overlooking Main Road car parking 2 Open bathroom 4 balcony 3 ownership Freehold Opposite Deer Park.The property comes with independent Terrace. The area is centrally located and close to ring road which allows easy acess to all other areas.Renowned Delhi Lawn Tennis Association is within 10 minutes walking distance.Green park market is walkable distance. read more Contact Owner View Phone No. Share Feedback Owner Hemant pajankar,2,42500000,Ready_to_move,Resale,Builder_Floor,14818.0,1997,6,1,2610.0,Fair,29,8.0,3.0,16283.524904214559
600.0,2,2,Semi-Furnished,"Arjun Nagar, Safdarjung Enclave",1,4700000,Ready_to_move,Resale,Builder_Floor,14818.0,2001,7,0,600.0,Average,25,4.0,2.5,7833.333333333333
1700.0,4,5,Unfurnished,Safdarjung Enclave,2,52500000,Ready_to_move,Resale,Builder_Floor,14818.0,2001,8,1,1700.0,Average,25,9.0,2.5,30882.352941176472
2250.0,4,4,Semi-Furnished,Safdarjung Enclave,3,80000000,Ready_to_move,New_Property,Builder_Floor,14818.0,2020,2,1,2250.0,Excellent,6,8.0,5.0,35555.555555555555
880.0,3,2,Unfurnished,"Arjun Nagar, Safdarjung Enclave",1,11000000,Ready_to_move,Resale,Builder_Floor,14818.0,1997,12,0,880.0,Fair,29,5.0,1.0,12500.0
4200.0,4,5,Semi-Furnished,Safdarjung Enclave,3,74000000,Ready_to_move,New_Property,Builder_Floor,14818.0,2008,10,2,4200.0,Average,18,9.0,3.5,17619.04761904762
1450.0,3,3,Semi-Furnished,"Safdarjung Enclave carpet area 1450 sqft status Ready to Move floor 3 out of 4 floors transaction Resale furnishing Semi-Furnished facing North - East overlooking Garden/Park, Main Road car parking 1 Covered, 1 Open bathroom 3 balcony 2 ownership Freehold Park facing builder floor apartment available for sale in safderjung enclave, 3 bedroom with attached bathroom, drawing dinning, modular kitchen. the property is on the top floor of a four storey building with terrace right, servant quarter, 1 car parking in stilt. read more Contact Agent View Phone No. Share Feedback Agent Delhi Homes Realty 1000+ Buyers Served",1,37500000,Ready_to_move,Resale,Builder_Floor,14818.0,2013,11,0,1450.0,Good,13,6.0,3.0,25862.068965517243
2200.0,4,4,Semi-Furnished,"Safdarjung Enclave super area 2200 sqft status Ready to Move floor 2 out of 4 floors transaction New Property furnishing Semi-Furnished facing South overlooking Main Road car parking 3 Covered, 2 Open bathroom 4 balcony 3 ownership Freehold Newly Constructed Property Wide Road 450 Yards 2nd floor brand new 4 bhk attached bathrooms with full lighted and ventilated house.Most Valuable DealSEE TO BELIEVE read more Contact Agent View Phone No. Share Feedback Crisil Bronze Agent Panchsheel Homes 500+ Buyers Served",3,52500000,Ready_to_move,New_Property,Builder_Floor,23863.0,2010,9,1,2200.0,Average,16,8.0,3.5,23863.636363636364
1620.0,3,3,Semi-Furnished,"Reserve Bank Enclave, Paschim Vihar",1,26000000,Ready_to_move,New_Property,Builder_Floor,,2015,12,0,1620.0,Good,11,6.0,3.0,16049.382716049382
1078.0,3,2,Unfurnished,Paschim Vihar,1,15500000,Ready_to_move,New_Property,Builder_Floor,,2019,15,0,1078.0,Excellent,7,5.0,3.0,14378.47866419295
1710.0,3,3,Unfurnished,"Pushkar Enclave, Paschim Vihar",1,22000000,Ready_to_move,Resale,Builder_Floor,,2007,9,0,1710.0,Average,19,6.0,1.5,12865.497076023392
1150.0,3,3,Semi-Furnished,Paschim Vihar Block B2,1,21000000,Ready_to_move,Resale,Builder_Floor,,2020,7,0,1150.0,Excellent,6,6.0,4.0,18260.869565217392
450.0,2,2,Semi-Furnished,"Paschimpuri, Paschim Vihar",1,5000000,Ready_to_move,Resale,Builder_Floor,,2005,2,0,450.0,Average,21,4.0,2.5,11111.111111111111
1818.0,3,3,Unfurnished,Paschim Vihar,1,22000000,Ready_to_move,Resale,Builder_Floor,,2024,12,0,1818.0,New,2,6.0,3.0,12101.210121012102
1800.0,3,2,Unfurnished,Paschim Vihar Block B4,1,26500000,Ready_to_move,Resale,Builder_Floor,14722.0,2010,14,0,1800.0,Average,16,5.0,1.5,14722.222222222223
780.0,2,2,Unfurnished,Paschim Vihar How Auctions work? The borrower has the physical possession of the Property. However the lender (Bank) can legally sell the Property. carpet area 780 sqft status Ready to Move floor Ground out of 3 floors transaction Resale furnishing Unfurnished facing West bathroom 2 balcony 1 ownership Freehold Contact Now Enquire Now Auction By Bank,1,8770000,Ready_to_move,Resale,Builder_Floor,14722.0,2017,11,0,780.0,Good,9,4.0,2.0,11243.589743589744
405.0,1,1,Semi-Furnished,"DDA Lig Flats, Paschim Vihar carpet area 45 sqyrd status Ready to Move floor 4 out of 4 floors transaction Resale furnishing Semi-Furnished facing East overlooking Garden/Park, Main Road society DDA Lig Flats bathroom 1 balcony 1 ownership Freehold East Facing Property Expected price for the Flat is kept at 45 Lac. This is a 1 bedroom apartment present in DDA Lig Flats, Paschim Vihar. It measures an area of 45 Sq-m. It is on 4 floor out of 4 floors in the tower and is also well ventilated. The Flat has 1 washroom and also has 1 spacious balcony. read more Contact Owner View Phone No. Share Feedback Owner Anil",1,4500000,Ready_to_move,Resale,Apartment,14722.0,2021,13,0,405.0,Excellent,5,2.0,4.0,11111.111111111111
900.0,2,3,Semi-Furnished,Paschim Vihar,1,8500000,Ready_to_move,Resale,Apartment,14722.0,2018,13,0,900.0,Excellent,8,5.0,4.0,9444.444444444445
807.2925,2,2,Unfurnished,"Archana Apartment, Paschim Vihar",1,8600000,Ready_to_move,Resale,Apartment,14722.0,2020,12,0,807.29,Excellent,6,4.0,3.0,10652.892229272536
2700.0,4,3,Semi-Furnished,"Guru Harikishan Nagar, Paschim Vihar",1,42500000,Ready_to_move,Resale,Builder_Floor,14722.0,2011,8,0,2700.0,Good,15,7.0,3.0,15740.74074074074
1100.0,3,2,Semi-Furnished,Paschim Vihar,2,13100000,Ready_to_move,Resale,Apartment,14722.0,1997,2,1,1100.0,Fair,29,5.0,3.0,11909.09090909091
585.0,2,2,Unfurnished,"Paschimpuri, Paschim Vihar",2,7000000,Ready_to_move,Resale,Apartment,14722.0,2010,1,1,585.0,Average,16,4.0,2.5,11965.811965811965
2152.78,3,3,Furnished,"Mianwali Nagar, Paschim Vihar",2,30000000,Ready_to_move,New_Property,Builder_Floor,14722.0,2001,4,1,2152.78,Average,25,6.0,4.5,13935.469485966982
960.0,2,2,Semi-Furnished,"Navbharat Apartment, Paschim Vihar Block B1",2,13000000,Ready_to_move,Resale,Apartment,14722.0,2021,7,1,960.0,Excellent,5,4.0,5.0,13541.666666666666
1800.0,4,3,Unfurnished,Paschim Vihar Block A2,2,23100000,Ready_to_move,Resale,Builder_Floor,14722.0,2002,12,1,1800.0,Average,24,7.0,2.5,12833.333333333334
1100.0,3,2,Semi-Furnished,Paschim Vihar,1,16000000,Ready_to_move,Resale,Apartment,14722.0,2002,7,0,1100.0,Average,24,5.0,2.5,14545.454545454546
900.0,2,2,Unfurnished,Paschim Vihar,1,12500000,Ready_to_move,Resale,Builder_Floor,13889.0,2003,1,0,900.0,Average,23,4.0,1.5,13888.888888888889
1620.0,3,3,Furnished,"LIC Colony, Paschim Vihar",1,24500000,Ready_to_move,New_Property,Builder_Floor,13889.0,2014,4,0,1620.0,Good,12,6.0,4.0,15123.456790123457
378.0,1,1,Unfurnished,"Paschimpuri, Paschim Vihar",1,3200000,Ready_to_move,Resale,Apartment,13889.0,2012,15,0,378.0,Good,14,2.0,2.0,8465.608465608466
800.0,3,2,Unfurnished,"DDA Lig Flats, Paschim Vihar",1,6300000,Ready_to_move,Resale,Apartment,7875.0,2023,15,0,800.0,Excellent,3,5.0,3.0,7875.0
1350.0,3,3,Semi-Furnished,"Pushkar Enclave, Paschim Vihar",1,15000000,Ready_to_move,Resale,Builder_Floor,11111.0,2008,6,0,1350.0,Average,18,6.0,2.5,11111.111111111111
850.0,3,3,Unfurnished,"Paschim Vihar carpet area 850 sqft status Ready to Move floor 2 out of 4 floors transaction Resale furnishing Unfurnished facing North overlooking Garden/Park bathroom 3 balcony 1 ownership Freehold If you want to live a contended, pollution-free and peaceful life with your family and children, here is the once in a lifetime opportunity awaiting your attention!! Presenting a 3BHK ready to move flat up for sale in Paschim Vihar, which is becoming a dream residential area for its ability to provide a slice of authentic New Delhi city life. Property SpecificationsWell-knitted and planned on the super area of 900 sq ft is this 2bhk flat where the owner enjoys the complete rights of the freehold ownership. In a low-rise building of four-floors, this impressive infrastructure is positioned on the second floor, hence the residents can experience the greatest possible cross ventilation and natural sunlight.Though the age of construction is between 15-20 years, this north-facing flat is perfectly maintained and features 3 spacious bedrooms, 2 bathrooms, 2 airy balconies, a dining room, a living room, and a kitchen. All the bedrooms are adorned with decorative wardrobes offered with enough space for storage of clothes and other valuables.The attached toilet is designed in Indian fashion which is mounted-up with a geyser where you can enjoy a hot water bath, while the bathroom available for common use fashioned in the western genre.Further, an eye-catching view of the lush green garden is visible from the two well-aligned balconies where you can enjoy a hot cup of tea, where one balcony is connected to the bedroom, while the other balcony opens to the lobby. Bedecked with a granite countertop, a piped gas connection, and a chimney, the contemporarily designed modular kitchen is also provided with a wash area and also sufficient space for fridge.The entire flat is polished up with the good quality tiles which are easy to install and can be quite pleasant and comfortable underfoot.FacilitiesKeeping in mind the convenience of the residents, some of the basic facilities such as an unrestricted supply of water, and power backup with invertor. Additionally, one open parking space for 1 vehicle read more Contact Owner Share Feedback Owner Yogeet",1,5700000,Ready_to_move,Resale,Apartment,11111.0,2004,13,0,850.0,Average,22,6.0,1.5,6705.882352941177
1580.0,3,2,Furnished,"Shubh Niketan, Paschim Vihar",1,21000000,Ready_to_move,Resale,Apartment,11111.0,1997,11,0,1580.0,Fair,29,5.0,3.0,13291.139240506329
820.0,2,3,Unfurnished,Paschim Vihar,1,7500000,Ready_to_move,Resale,Apartment,11111.0,1996,14,0,820.0,Fair,30,5.0,1.0,9146.341463414634
594.0,2,1,Semi-Furnished,"Ashoka Apartment, Paschim Vihar Block A2",1,6500000,Ready_to_move,Resale,Apartment,10943.0,2006,14,0,594.0,Average,20,3.0,2.5,10942.760942760942
14220.0,3,3,Semi-Furnished,Paschim Vihar Block B4,1,27500000,Ready_to_move,New_Property,Builder_Floor,10943.0,2022,10,0,14220.0,Excellent,4,6.0,4.0,1933.8959212376933
800.0,3,2,Unfurnished,"Guru Harikishan Nagar, Paschim Vihar",1,12000000,Ready_to_move,Resale,Builder_Floor,10943.0,2011,6,0,800.0,Good,15,5.0,2.0,15000.0
1500.0,3,2,Semi-Furnished,"Sunder Apartments, Sunder Vihar, Paschim Vihar",2,18000000,Ready_to_move,Resale,Apartment,10943.0,2021,10,1,1500.0,Excellent,5,5.0,5.0,12000.0
1600.0,3,3,Semi-Furnished,"Ashirwad Apartments, Dwarka",1,15600000,Ready_to_move,Resale,Apartment,,1998,5,0,1600.0,Fair,28,6.0,2.0,9750.0
1650.0,3,3,Semi-Furnished,"Rajasthan Apartment, Aashirwaad Chowk, Dwarka",1,15500000,Ready_to_move,Resale,Apartment,,1998,6,0,1650.0,Fair,28,6.0,2.0,9393.939393939394
1600.0,3,3,Semi-Furnished,"Rajasthan Apartment, Aashirwaad Chowk, Dwarka",1,15200000,Ready_to_move,Resale,Apartment,,2020,10,0,1600.0,Excellent,6,6.0,4.0,9500.0
1900.0,3,3,Furnished,"Gold Croft Apartment, Aashirwaad Chowk, Dwarka",1,25000000,Ready_to_move,Resale,Apartment,,1999,9,0,1900.0,Fair,27,6.0,3.0,13157.894736842105
1400.0,3,2,Furnished,"Chanakya Apartments, Aashirwaad Chowk, Dwarka",1,15000000,Ready_to_move,Resale,Apartment,,1997,9,0,1400.0,Fair,29,5.0,3.0,10714.285714285714
1550.0,3,2,Semi-Furnished,"Bank Apartments, Aashirwaad Chowk, Dwarka carpet area 1550 sqft status Ready to Move floor 7 out of 7 floors transaction Resale furnishing Semi-Furnished facing North - East overlooking Garden/Park, Main Road society Bank Apartments car parking 1 Covered, 1 Open bathroom 2 balcony 3 ownership Freehold A spacious 3 Bedroom flat is available for sale in Dwarka , New Delhi.it is cornor building plenty of sunlight and airy. It is located on the 2 Floor. It has a covered area of 1500 Sq-ft. The flat has vitrified tiles & Mosiac flooring. The flat has 24 Hours Available water supply and No/Rare Powercut.. The property is fantastically located and is much sought-after. The property is available at a very competitive Price. read more Contact Agent View Phone No. Share Feedback Sikka Realtors Has Maximum Property Options Is the Top Agent of the Locality Is Trusted by All Users CRISIL Rating No of employees 12 Sikka Realtors Certified Agent Locality Superstar Aashirwaad Chowk, Dwarka 2500+ Buyers Served",1,15800000,Ready_to_move,Resale,Apartment,,2007,6,0,1550.0,Average,19,5.0,2.5,10193.548387096775
2000.0,4,3,Furnished,"Mohinder Apartments, Aashirwaad Chowk, Dwarka",1,31500000,Ready_to_move,Resale,Apartment,,2022,7,0,2000.0,Excellent,4,7.0,5.0,15750.0
1500.0,3,3,Semi-Furnished,"Bank Apartments, Aashirwaad Chowk, Dwarka",1,14000000,Ready_to_move,Resale,Apartment,,2015,1,0,1500.0,Good,11,6.0,3.0,9333.333333333334
1550.0,3,2,Semi-Furnished,"Aashirwaad Chowk, Dwarka",1,13200000,Ready_to_move,Resale,Apartment,,1998,10,0,1550.0,Fair,28,5.0,2.0,8516.129032258064
1600.0,3,2,Semi-Furnished,"Bank Apartments, Aashirwaad Chowk, Dwarka",1,15800000,Ready_to_move,Resale,Apartment,,2020,9,0,1600.0,Excellent,6,5.0,4.0,9875.0
1600.0,3,3,Unfurnished,"Saheta Apartment, Aashirwaad Chowk, Dwarka",1,16200000,Ready_to_move,Resale,Apartment,,2020,15,0,1600.0,Excellent,6,6.0,3.0,10125.0
1800.0,3,2,Semi-Furnished,"Pushpanjali Apartments, Aashirwaad Chowk, Dwarka",1,15500000,Ready_to_move,Resale,Apartment,,2019,8,0,1800.0,Excellent,7,5.0,4.0,8611.111111111111
1470.0,3,2,Semi-Furnished,"Aashirwaad Chowk, Dwarka",1,14500000,Ready_to_move,Resale,Apartment,,2022,8,0,1470.0,Excellent,4,5.0,4.0,9863.945578231293
1500.0,3,2,Semi-Furnished,"Aashirwaad Chowk, Dwarka",1,14900000,Ready_to_move,Resale,Apartment,,2002,2,0,1500.0,Average,24,5.0,2.5,9933.333333333334
1750.0,3,3,Furnished,"Green Heavens Apartment, Aashirwaad Chowk, Dwarka",1,17200000,Ready_to_move,Resale,Apartment,,2024,3,0,1750.0,New,2,6.0,5.0,9828.57142857143
1650.0,3,3,Furnished,"Hum Sub Apartment, Aashirwaad Chowk, Dwarka",1,18000000,Ready_to_move,Resale,Apartment,,2005,6,0,1650.0,Average,21,6.0,3.5,10909.09090909091
1850.0,3,2,Semi-Furnished,"Aashirwaad Chowk, Dwarka",1,15500000,Ready_to_move,Resale,Apartment,,2019,6,0,1850.0,Excellent,7,5.0,4.0,8378.378378378378
1480.0,3,2,Furnished,"Bank Apartments, Aashirwaad Chowk, Dwarka",1,15800000,Ready_to_move,Resale,Apartment,,2012,6,0,1480.0,Good,14,5.0,4.0,10675.675675675675
1214.0,2,2,Furnished,"Defence Officers Apartment, Aashirwaad Chowk, Dwarka",1,12600000,Ready_to_move,Resale,Apartment,,2018,6,0,1214.0,Excellent,8,4.0,5.0,10378.912685337726
1380.0,3,2,Semi-Furnished,"Aashirwaad Chowk, Dwarka",1,15000000,Ready_to_move,Resale,Apartment,,2014,12,0,1380.0,Good,12,5.0,3.0,10869.565217391304
1600.0,4,2,Furnished,"Sanchar Vihar Apartment, Aashirwaad Chowk, Dwarka",1,19500000,Ready_to_move,Resale,Apartment,,2014,2,0,1600.0,Good,12,6.0,4.0,12187.5
1585.0,3,3,Semi-Furnished,"Sarve Satyam Apartment, Aashirwaad Chowk, Dwarka",1,16600000,Ready_to_move,Resale,Apartment,,2013,5,0,1585.0,Good,13,6.0,3.0,10473.186119873817
1700.0,3,3,Semi-Furnished,"Aashirwaad Chowk, Dwarka",1,17200000,Ready_to_move,Resale,Apartment,,2018,3,0,1700.0,Excellent,8,6.0,4.0,10117.64705882353
1200.0,2,2,Semi-Furnished,"Palm Green Apartment, Aashirwaad Chowk, Dwarka",1,13000000,Ready_to_move,Resale,Apartment,,2017,5,0,1200.0,Good,9,4.0,3.0,10833.333333333334
1800.0,4,3,Semi-Furnished,"Neelachal, Aashirwaad Chowk, Dwarka",1,16500000,Ready_to_move,Resale,Apartment,,1999,11,0,1800.0,Fair,27,7.0,2.0,9166.666666666666
1000.0,2,2,Semi-Furnished,"Kailash Apartments, Aashirwaad Chowk, Dwarka",1,10700000,Ready_to_move,Resale,Apartment,10700.0,2019,1,0,1000.0,Excellent,7,4.0,4.0,10700.0
1500.0,3,2,Furnished,"New Jyoti Apartments, Aashirwaad Chowk, Dwarka",1,16200000,Ready_to_move,Resale,Apartment,10700.0,2011,6,0,1500.0,Good,15,5.0,4.0,10800.0
1700.0,3,2,Furnished,"Green Heavens Apartment, Aashirwaad Chowk, Dwarka",1,16500000,Ready_to_move,Resale,Apartment,10700.0,2005,1,0,1700.0,Average,21,5.0,3.5,9705.882352941177
1750.0,3,2,Furnished,"PNB Employees Apartment, Aashirwaad Chowk, Dwarka",1,14900000,Ready_to_move,Resale,Apartment,10700.0,2010,15,0,1750.0,Average,16,5.0,3.5,8514.285714285714
2700.0,4,3,Furnished,"Sadbhawna CGHS, Aashirwaad Chowk, Dwarka",1,27500000,Ready_to_move,Resale,Apartment,10700.0,2024,11,0,2700.0,New,2,7.0,5.0,10185.185185185184
3050.0,5,6,Semi-Furnished,Commonwealth Games Village 2010,1,62500000,Ready_to_move,Resale,Apartment,20492.0,2020,4,0,3050.0,Excellent,6,11.0,4.0,20491.803278688523
3405.0,5,5,Semi-Furnished,"Common Wealth Games Village, Commonwealth Games Village 2010",3,70000000,Ready_to_move,Resale,Apartment,20558.0,2020,3,1,3405.0,Excellent,6,10.0,5.0,20558.002936857563
1500.0,3,3,Semi-Furnished,Commonwealth Games Village 2010,3,35500000,Ready_to_move,Resale,Apartment,20558.0,2009,2,2,1500.0,Average,17,6.0,3.5,23666.666666666668
2105.0,3,3,Unfurnished,"Common Wealth Games Village, Commonwealth Games Village 2010",3,42100000,Ready_to_move,Resale,Apartment,20558.0,2018,8,2,2105.0,Excellent,8,6.0,4.0,20000.0
2500.0,4,5,Semi-Furnished,"Project Commonwealth Games Village 2010, Akshardham Temple",3,42500000,Ready_to_move,Resale,Apartment,17000.0,2007,12,2,2500.0,Average,19,9.0,3.5,17000.0
2090.0,3,4,Semi-Furnished,"Common Wealth Games Village, Commonwealth Games Village 2010",2,44000000,Ready_to_move,Resale,Apartment,21052.0,2015,9,1,2090.0,Good,11,7.0,4.0,21052.63157894737
2525.0,4,5,Semi-Furnished,"Project Commonwealth Games Village 2010, Commonwealth Games Village 2010",3,43200000,Ready_to_move,Resale,Apartment,21052.0,2014,14,2,2525.0,Good,12,9.0,4.0,17108.91089108911
2500.0,4,4,Semi-Furnished,"Project Commonwealth Games Village 2010, Commonwealth Games Village 2010",2,52500000,Ready_to_move,Resale,Apartment,21000.0,2003,6,1,2500.0,Average,23,8.0,3.5,21000.0
2100.0,3,4,Furnished,"Common Wealth Games Village, Commonwealth Games Village 2010",2,34300000,Ready_to_move,Resale,Apartment,16333.0,2003,5,1,2100.0,Average,23,7.0,4.5,16333.333333333334
2022.0,3,3,Semi-Furnished,"Project Commonwealth Games Village 2010, Akshardham Temple",2,38000000,Ready_to_move,Resale,Apartment,18793.0,1997,8,1,2022.0,Fair,29,6.0,3.0,18793.273986152326
2650.0,4,5,Furnished,Commonwealth Games Village 2010,2,52500000,Ready_to_move,Resale,Apartment,19811.0,2000,4,1,2650.0,Fair,26,9.0,4.0,19811.32075471698
1850.0,3,3,Unfurnished,"Common Wealth Games Village, Commonwealth Games Village 2010",2,37500000,Ready_to_move,Resale,Apartment,20270.0,2008,15,1,1850.0,Average,18,6.0,2.5,20270.27027027027
2100.0,3,3,Semi-Furnished,"Common Wealth Games Village, Commonwealth Games Village 2010",2,37000000,Ready_to_move,Resale,Apartment,17619.0,2009,3,1,2100.0,Average,17,6.0,3.5,17619.04761904762
1700.0,3,4,Semi-Furnished,Commonwealth Games Village 2010,2,40000000,Ready_to_move,Resale,Apartment,17619.0,2000,8,1,1700.0,Fair,26,7.0,3.0,23529.41176470588
2105.0,3,3,Semi-Furnished,"Common Wealth Games Village, Commonwealth Games Village 2010",2,36200000,Ready_to_move,Resale,Apartment,17197.0,2008,8,1,2105.0,Average,18,6.0,3.5,17197.149643705463
1250.0,2,3,Semi-Furnished,"Common Wealth Games Village, Commonwealth Games Village 2010",1,29000000,Ready_to_move,Resale,Apartment,17197.0,2013,1,0,1250.0,Good,13,5.0,3.0,23200.0
2552.0,4,5,Furnished,"Project Commonwealth Games Village 2010, Commonwealth Games Village 2010",3,42500000,Ready_to_move,New_Property,Apartment,16654.0,2002,8,2,2552.0,Average,24,9.0,4.5,16653.60501567398
3112.0,5,6,Semi-Furnished,Commonwealth Games Village 2010,3,60000000,Ready_to_move,Resale,Apartment,19280.0,2005,7,1,3112.0,Average,21,11.0,3.5,19280.205655526992
2125.0,3,3,Semi-Furnished,"Project Commonwealth Games Village 2010, Commonwealth Games Village 2010",2,36500000,Ready_to_move,Resale,Apartment,17176.0,2006,4,1,2125.0,Average,20,6.0,3.5,17176.470588235294
2065.0,3,4,Semi-Furnished,"Common Wealth Games Village, Commonwealth Games Village 2010",2,42500000,Ready_to_move,Resale,Apartment,20581.0,2010,2,1,2065.0,Average,16,7.0,3.5,20581.113801452786
3405.0,5,4,Semi-Furnished,"Common Wealth Games Village, Commonwealth Games Village 2010",3,71500000,Ready_to_move,Resale,Apartment,20999.0,2006,1,1,3405.0,Average,20,9.0,3.5,20998.531571218795
3050.0,5,5,Semi-Furnished,"Common Wealth Games Village, Commonwealth Games Village 2010",3,65000000,Ready_to_move,New_Property,Apartment,21311.0,2017,1,2,3050.0,Good,9,10.0,4.0,21311.475409836065
2300.0,5,6,Semi-Furnished,"Common Wealth Games Village, Commonwealth Games Village 2010",3,58000000,Ready_to_move,Resale,Apartment,21311.0,2005,8,1,2300.0,Average,21,11.0,3.5,25217.391304347828
1455.0,2,2,Semi-Furnished,Commonwealth Games Village 2010,2,27500000,Ready_to_move,Resale,Apartment,18900.0,2008,2,1,1455.0,Average,18,4.0,3.5,18900.343642611682
3400.0,5,5,Semi-Furnished,"Project Commonwealth Games Village 2010, Commonwealth Games Village 2010",3,70000000,Ready_to_move,New_Property,Apartment,20588.0,2007,15,1,3400.0,Average,19,10.0,3.5,20588.235294117647
3100.0,5,5,Semi-Furnished,"Common Wealth Games Village, Commonwealth Games Village 2010",3,65000000,Ready_to_move,Resale,Apartment,20967.0,2001,4,2,3100.0,Average,25,10.0,3.5,20967.74193548387
1400.0,2,3,Unfurnished,"Common Wealth Games Village, Commonwealth Games Village 2010",3,28600000,Ready_to_move,Resale,Apartment,20967.0,2015,10,2,1400.0,Good,11,5.0,3.0,20428.571428571428
2126.0,3,3,Semi-Furnished,"Common Wealth Games Village, Commonwealth Games Village 2010",2,39000000,Ready_to_move,Resale,Apartment,18344.0,2002,11,1,2126.0,Average,24,6.0,3.5,18344.308560677327
1815.0,3,3,Semi-Furnished,Commonwealth Games Village 2010,2,32500000,Ready_to_move,Resale,Apartment,17906.0,2004,8,1,1815.0,Average,22,6.0,3.5,17906.33608815427
1700.0,3,3,Unfurnished,"Project Commonwealth Games Village 2010, Commonwealth Games Village 2010",2,34000000,Ready_to_move,Resale,Apartment,17906.0,2018,14,1,1700.0,Excellent,8,6.0,4.0,20000.0
700.0,2,2,Unfurnished,Alaknanda,1,16500000,Ready_to_move,Resale,Apartment,,2023,2,0,700.0,Excellent,3,4.0,3.0,23571.428571428572
980.0,2,2,Semi-Furnished,"Shivalik Apartments, Alaknanda",2,13800000,Ready_to_move,Resale,Apartment,,2015,4,1,980.0,Good,11,4.0,4.0,14081.632653061224
1350.0,3,3,Semi-Furnished,"Narmada Apartment, Alaknanda",2,21000000,Ready_to_move,Resale,Apartment,,2022,4,1,1350.0,Excellent,4,6.0,5.0,15555.555555555555
1800.0,3,3,Semi-Furnished,"Gangotri Enclave, Alaknanda",2,22500000,Ready_to_move,Resale,Apartment,,2020,3,1,1800.0,Excellent,6,6.0,5.0,12500.0
968.751,2,2,Semi-Furnished,"Aravali Apartments, Alaknanda",2,15000000,Ready_to_move,Resale,Apartment,,2009,5,1,968.75,Average,17,4.0,3.5,15483.854984407759
1250.0,3,3,Semi-Furnished,"Narmada Apartment, Alaknanda",2,20000000,Ready_to_move,New_Property,Apartment,,2018,5,1,1250.0,Excellent,8,6.0,5.0,16000.0
1800.0,3,3,Furnished,"Aravali Apartments, Alaknanda",2,20000000,Ready_to_move,New_Property,Apartment,,2005,12,1,1800.0,Average,21,6.0,4.5,11111.111111111111
1400.0,3,2,Semi-Furnished,"Shivalik Apartments, Alaknanda",2,26000000,Ready_to_move,Resale,Builder_Floor,,2009,5,1,1400.0,Average,17,5.0,3.5,18571.428571428572
1000.0,3,3,Semi-Furnished,"Narmada Apartment, Alaknanda",2,19500000,Ready_to_move,Resale,Apartment,,2011,14,1,1000.0,Good,15,6.0,4.0,19500.0
1800.0,4,2,Semi-Furnished,"Tara Apartment, Alaknanda",1,21500000,Ready_to_move,Resale,Apartment,,2023,12,0,1800.0,Excellent,3,6.0,4.0,11944.444444444445
1500.0,3,3,Unfurnished,Alaknanda,1,26500000,Ready_to_move,New_Property,Apartment,,2020,14,0,1500.0,Excellent,6,6.0,3.0,17666.666666666668
1600.0,3,3,Semi-Furnished,"Narmada Apartment, Alaknanda",2,20000000,Ready_to_move,Resale,Apartment,12500.0,2010,2,1,1600.0,Average,16,6.0,3.5,12500.0
1400.0,3,3,Furnished,"Narmada Apartment, Alaknanda carpet area 1400 sqft status Ready to Move floor Ground out of 3 floors transaction Resale furnishing Furnished facing North - East overlooking Garden/Park, Main Road society Narmada Apartment car parking 1 Open bathroom 3 balcony 1 ownership Freehold Near Alaknanda Main Market & Greater Kailash Metro Station. A very good 3 bhk flat for sale in rwa Narmada Apartment, delhi south. It is a superb property and offers an excellent view. The flat is unfurnished. It promises a comfortable stay. It is feng shuivaastu compliant, which is considered to bring positive energy. The appeal of the flat has been increased with the availability of a pipedGa. Indeed, the society too has multiple facilities for enjoyment, such as club housecommunity center and fitness centregym etc. It also has rain water harvesting system. It has a super builtUp area of 180 sq. Yards. read more Contact Agent View Phone No. Share Feedback Agent Sulabh Estate",1,18000000,Ready_to_move,Resale,Apartment,12500.0,2014,15,0,1400.0,Good,12,6.0,4.0,12857.142857142857
1400.0,3,2,Unfurnished,Alaknanda,1,19000000,Ready_to_move,Resale,Apartment,12500.0,2001,10,0,1400.0,Average,25,5.0,1.5,13571.42857142857
2700.0,4,4,Unfurnished,Greater Kailash 4 Nri Colony,2,36500000,Ready_to_move,Resale,Builder_Floor,12500.0,2019,15,1,2700.0,Excellent,7,8.0,4.0,13518.518518518518
1100.0,2,2,Unfurnished,Alaknanda,2,15000000,Ready_to_move,Resale,Apartment,12500.0,2012,6,1,1100.0,Good,14,4.0,3.0,13636.363636363636
1200.0,2,2,Semi-Furnished,Alaknanda,2,17500000,Ready_to_move,Resale,Apartment,12500.0,2011,15,1,1200.0,Good,15,4.0,4.0,14583.333333333334
1400.0,2,2,Semi-Furnished,Alaknanda,2,14000000,Ready_to_move,Resale,Apartment,12500.0,2018,9,1,1400.0,Excellent,8,4.0,5.0,10000.0
1500.0,3,3,Semi-Furnished,"Project Gangotri Enclave, Alaknanda",2,21000000,Ready_to_move,Resale,Apartment,12500.0,2014,2,1,1500.0,Good,12,6.0,4.0,14000.0
1320.0,3,2,Unfurnished,Alaknanda,2,15600000,Ready_to_move,Resale,Apartment,12500.0,1998,7,1,1320.0,Fair,28,5.0,2.0,11818.181818181818
1300.0,3,3,Unfurnished,"Project Gangotri Enclave, Gangotri Enclave, Alaknanda",2,19000000,Ready_to_move,Resale,Apartment,12500.0,2004,3,1,1300.0,Average,22,6.0,2.5,14615.384615384615
1150.0,2,2,Unfurnished,"Narmada Apartment, Alaknanda",1,16500000,Ready_to_move,Resale,Apartment,12500.0,2001,15,0,1150.0,Average,25,4.0,1.5,14347.826086956522
1440.0,3,3,Unfurnished,Alaknanda,1,19000000,Ready_to_move,Resale,Apartment,12500.0,2017,5,0,1440.0,Good,9,6.0,2.0,13194.444444444445
1400.0,2,2,Unfurnished,"Nilgiri Apartment, Alaknanda",1,16500000,Ready_to_move,Resale,Apartment,12500.0,1997,4,0,1400.0,Fair,29,4.0,1.0,11785.714285714286
450.0,1,1,Semi-Furnished,Alaknanda,1,3000000,Ready_to_move,Resale,Builder_Floor,12500.0,2001,9,0,450.0,Average,25,2.0,2.5,6666.666666666667
1300.0,2,2,Semi-Furnished,"Yamuna Apartment, Alaknanda",1,15000000,Ready_to_move,Resale,Apartment,11538.0,2013,7,0,1300.0,Good,13,4.0,3.0,11538.461538461539
1200.0,2,2,Unfurnished,"Nilgiri Apartment, Alaknanda",1,14300000,Ready_to_move,Resale,Apartment,11538.0,2016,2,0,1200.0,Good,10,4.0,2.0,11916.666666666666
1300.0,3,2,Unfurnished,"Nilgiri Apartment, Alaknanda",1,18500000,Ready_to_move,Resale,Apartment,11538.0,2010,13,0,1300.0,Average,16,5.0,1.5,14230.76923076923
1400.0,3,3,Furnished,"Tara Apartment, Alaknanda carpet area 1400 sqft status Ready to Move floor 2 out of 3 floors transaction Resale furnishing Furnished facing North - East overlooking Garden/Park society Tara Apartment car parking 1 Covered, 1 Open bathroom 3 balcony 4 ownership Freehold Near Alaknanda Main Market, Jamia Humderd University & Batra hospital. A very good 3 bhk flat for sale in rwa Tara Apartment, delhi south. It is a superb property and offers an excellent view. The flat is unfurnished. It promises a comfortable stay. It is feng shuivaastu compliant, which is considered to bring positive energy. The appeal of the flat has been increased with the availability of a pipedGa. Indeed, the society too has multiple facilities for enjoyment, such as club housecommunity center and fitness centregym etc. It also has rain water harvesting system. It has a super builtUp area of 180 sq. Yards. Other f read more Contact Agent View Phone No. Share Feedback Agent Sulabh Estate",1,19000000,Ready_to_move,Resale,Apartment,11538.0,2020,13,0,1400.0,Excellent,6,6.0,5.0,13571.42857142857
1400.0,3,3,Semi-Furnished,Alaknanda,1,19000000,Ready_to_move,Resale,Apartment,11538.0,2022,12,0,1400.0,Excellent,4,6.0,4.0,13571.42857142857
1500.0,3,2,Semi-Furnished,"Sarita Vihar, Mathura Road carpet area 1500 sqft status Ready to Move floor 2 out of 4 floors transaction Resale ownership Freehold overlooking Main Road car parking 1 Open bathroom 2 balcony 2 furnishing Unfurnished For sale second third duplex .spacious 3 bedrooms with 2 washrooms drawing and dining and moduler kitchen one scooter garrage. read more Contact Agent View Phone No. Share Feedback Shree Balaji Real Estate Pvt. Ltd. Has Maximum Property Options Is the Top Agent of the Locality Is Trusted by All Users 21 Property Options in Sarita Vihar, Mathura Road Shree Balaji Real Estate Pvt. Ltd. Certified Agent Locality Superstar Maximum options in Sarita Vihar, Mathura Road",1,13500000,Ready_to_move,Resale,Apartment,,1999,10,0,1500.0,Fair,27,5.0,2.0,9000.0
1600.0,4,2,Semi-Furnished,"DDA Flats, Sarita Vihar, Mathura Road carpet area 1600 sqft status Ready to Move floor 1 out of 4 floors transaction Resale furnishing Semi-Furnished facing North - East overlooking Main Road society DDA Flats car parking 2 Open bathroom 2 balcony 2 ownership Freehold For sale First second third duplex in sarita vihar DDA Flates . this house free hold property clear titel . this flate well maintained and spacious peacefull location . no issue light water and parking read more Contact Agent View Phone No. Share Feedback Shree Balaji Real Estate Pvt. Ltd. Has Maximum Property Options Is the Top Agent of the Locality Is Trusted by All Users 21 Property Options in Sarita Vihar, Mathura Road Shree Balaji Real Estate Pvt. Ltd. Certified Agent Locality Superstar Maximum options in Sarita Vihar, Mathura Road",2,15800000,Ready_to_move,Resale,Apartment,,2023,7,1,1600.0,Excellent,3,6.0,5.0,9875.0
1200.0,10,4,Semi-Furnished,"DDA Flats Sarita Vihar, Sarita Vihar, Mathura Road",2,17000000,Ready_to_move,Resale,Apartment,,2013,9,1,1200.0,Good,13,14.0,4.0,14166.666666666666
1600.0,4,2,Semi-Furnished,"DDA Flats, Sarita Vihar, Mathura Road carpet area 1600 sqft status Ready to Move floor Ground out of 4 floors transaction Resale furnishing Semi-Furnished facing North - West overlooking Main Road society DDA Flats car parking 1 Open bathroom 2 balcony 2 ownership Freehold For slae Ground First Duplex in sarita vihar .posh locality in south delhi DDa coloney . This house spacious 4 bedrooms with 2 washrooms drawing and dinning . free hold proerty clear titel . near by all amnites . well develop location . read more Contact Agent View Phone No. Share Feedback Shree Balaji Real Estate Pvt. Ltd. Has Maximum Property Options Is the Top Agent of the Locality Is Trusted by All Users 21 Property Options in Sarita Vihar, Mathura Road Shree Balaji Real Estate Pvt. Ltd. Certified Agent Locality Superstar Maximum options in Sarita Vihar, Mathura Road",1,15500000,Ready_to_move,Resale,Apartment,,2014,8,0,1600.0,Good,12,6.0,3.0,9687.5
1250.0,3,2,Semi-Furnished,"DDA Flats Sarita Vihar, Sarita Vihar, Mathura Road",2,16000000,Ready_to_move,Resale,Apartment,,1998,3,1,1250.0,Fair,28,5.0,3.0,12800.0
950.0,2,2,Furnished,"DDA Flats Sarita Vihar, Sarita Vihar, Mathura Road",2,12900000,Ready_to_move,Resale,Apartment,,2014,2,1,950.0,Good,12,4.0,5.0,13578.947368421053
1200.0,3,3,Furnished,"DDA Flats Sarita Vihar, Sarita Vihar, Mathura Road",2,13500000,Ready_to_move,Resale,Apartment,,2017,4,1,1200.0,Good,9,6.0,5.0,11250.0
1400.0,4,2,Furnished,"DDA Flats Sarita Vihar, Sarita Vihar, Mathura Road",2,17800000,Ready_to_move,Resale,Apartment,,2012,7,1,1400.0,Good,14,6.0,5.0,12714.285714285714
950.0,2,2,Furnished,"DDA Flats Sarita Vihar, Sarita Vihar, Mathura Road",2,13200000,Ready_to_move,Resale,Apartment,,1998,3,1,950.0,Fair,28,4.0,4.0,13894.736842105263
1350.0,3,3,Semi-Furnished,"DDA Flats Sarita Vihar, Sarita Vihar, Mathura Road",2,14000000,Ready_to_move,Resale,Apartment,,2011,2,1,1350.0,Good,15,6.0,4.0,10370.37037037037
1550.0,4,2,Furnished,"DDA Flats Sarita Vihar, Sarita Vihar, Mathura Road",2,17500000,Ready_to_move,Resale,Apartment,,2023,13,1,1550.0,Excellent,3,6.0,5.0,11290.322580645161
1300.0,3,2,Semi-Furnished,"DDA Flats Sarita Vihar, Sarita Vihar, Mathura Road",2,17000000,Ready_to_move,Resale,Apartment,,2016,6,1,1300.0,Good,10,5.0,4.0,13076.923076923076
1000.0,2,2,Furnished,"DDA Flats Sarita Vihar, Sarita Vihar Pocket K",2,13000000,Ready_to_move,Resale,Apartment,,1999,9,1,1000.0,Fair,27,4.0,4.0,13000.0
1500.0,3,3,Furnished,"DDA Flats Sarita Vihar, Sarita Vihar Pocket K",2,17000000,Ready_to_move,Resale,Apartment,,2023,8,1,1500.0,Excellent,3,6.0,5.0,11333.333333333334
950.0,2,2,Furnished,"DDA Flats Sarita Vihar, Sarita Vihar, Mathura Road",2,12700000,Ready_to_move,Resale,Apartment,,2023,12,1,950.0,Excellent,3,4.0,5.0,13368.421052631578
1200.0,3,2,Furnished,"DDA Flats Sarita Vihar, Sarita Vihar, Mathura Road",2,13500000,Ready_to_move,Resale,Apartment,,2000,12,1,1200.0,Fair,26,5.0,4.0,11250.0
1400.0,4,2,Furnished,"DDA Flats Sarita Vihar, Sarita Vihar, Mathura Road",2,17400000,Ready_to_move,Resale,Apartment,,2019,5,1,1400.0,Excellent,7,6.0,5.0,12428.57142857143
1500.0,4,2,Furnished,"DDA Flats Sarita Vihar, Sarita Vihar, Mathura Road",2,17800000,Ready_to_move,Resale,Apartment,,2007,13,1,1500.0,Average,19,6.0,4.5,11866.666666666666
1050.0,2,2,Furnished,"DDA Flats Sarita Vihar, Sarita Vihar, Mathura Road",2,12700000,Ready_to_move,Resale,Apartment,,2013,6,1,1050.0,Good,13,4.0,5.0,12095.238095238095
1550.0,4,2,Furnished,"DDA Flats Sarita Vihar, Sarita Vihar, Mathura Road",2,16200000,Ready_to_move,Resale,Apartment,,2008,13,1,1550.0,Average,18,6.0,4.5,10451.612903225807
950.0,2,2,Furnished,"DDA Flats Sarita Vihar, Sarita Vihar, Mathura Road",2,11100000,Ready_to_move,Resale,Apartment,,2018,7,1,950.0,Excellent,8,4.0,5.0,11684.21052631579
1150.0,2,2,Furnished,"DDA Flats Sarita Vihar, Sarita Vihar, Mathura Road",2,13600000,Ready_to_move,Resale,Apartment,,2024,2,1,1150.0,New,2,4.0,5.0,11826.08695652174
1150.0,2,2,Furnished,"DDA Flats Sarita Vihar, Sarita Vihar Pocket K",2,13100000,Ready_to_move,Resale,Apartment,,2019,12,1,1150.0,Excellent,7,4.0,5.0,11391.304347826086
1150.0,2,2,Furnished,"DDA Flats Sarita Vihar, Sarita Vihar, Mathura Road",2,12500000,Ready_to_move,Resale,Apartment,,2023,1,1,1150.0,Excellent,3,4.0,5.0,10869.565217391304
1500.0,3,2,Furnished,"DDA Flats Sarita Vihar, Sarita Vihar, Mathura Road",2,13600000,Ready_to_move,Resale,Apartment,,2023,12,1,1500.0,Excellent,3,5.0,5.0,9066.666666666666
1800.0,4,4,Furnished,"Sidharth Enclave, Kilokri, Ring Road",2,12000000,Ready_to_move,New_Property,Apartment,6667.0,1998,1,1,1800.0,Fair,28,8.0,4.0,6666.666666666667
1300.0,3,3,Furnished,"Sidharth Enclave, Kilokri, Ring Road",1,20000000,Ready_to_move,New_Property,Apartment,15384.0,2003,4,0,1300.0,Average,23,6.0,3.5,15384.615384615385
1150.0,2,2,Unfurnished,Sarita Vihar Pocket B,1,13500000,Ready_to_move,Resale,Apartment,15384.0,2016,10,0,1150.0,Good,10,4.0,2.0,11739.130434782608
1500.0,3,2,Unfurnished,Sarita Vihar Pocket F,1,14000000,Ready_to_move,Resale,Apartment,15384.0,2013,15,0,1500.0,Good,13,5.0,2.0,9333.333333333334
1150.0,2,2,Semi-Furnished,"DDA Flats, Sarita Vihar, Mathura Road carpet area 1150 sqft status Ready to Move floor 3 out of 3 floors transaction Resale furnishing Semi-Furnished facing North - East overlooking Main Road society DDA Flats car parking 2 Open bathroom 2 balcony 3 ownership Freehold 2 BHK flat available for sale in sarita vihar excellent interiors flooring in all bedrooms complete wood work modular kitchen beautiful bathrooms extremely well maintained ample parking space read more Contact Agent View Phone No. Share Feedback Lavish Associates Certified Agent Trusted by Users Genuine Listings Market Knowledge",2,10800000,Ready_to_move,Resale,Apartment,15384.0,1997,7,1,1150.0,Fair,29,4.0,3.0,9391.304347826086
900.0,3,2,Semi-Furnished,"New Manglapuri, Sultanpur",1,9000000,Ready_to_move,New_Property,Builder_Floor,,1998,2,0,900.0,Fair,28,5.0,2.0,10000.0
1150.0,3,2,Semi-Furnished,"New Manglapuri, Sultanpur",1,6300000,Ready_to_move,Resale,Builder_Floor,,2011,4,0,1150.0,Good,15,5.0,3.0,5478.260869565217
1000.0,3,3,Semi-Furnished,Sultanpur Extension,1,5500000,Ready_to_move,New_Property,Apartment,,2013,14,0,1000.0,Good,13,6.0,3.0,5500.0
450.0,1,1,Semi-Furnished,"New Manglapuri, Sultanpur",1,2350000,Ready_to_move,Resale,Apartment,5222.0,2000,11,0,450.0,Fair,26,2.0,2.0,5222.222222222223
1350.0,3,3,Semi-Furnished,Sultanpur,1,8500000,Ready_to_move,Resale,Apartment,5222.0,2000,2,0,1350.0,Fair,26,6.0,2.0,6296.2962962962965
445.0,1,2,Semi-Furnished,Sultanpur Extension,1,1650000,Ready_to_move,Resale,Apartment,5222.0,1999,6,0,445.0,Fair,27,3.0,2.0,3707.8651685393256
1200.0,2,2,Semi-Furnished,"Manglapuri, Sultanpur",1,10000000,Ready_to_move,Resale,Apartment,8333.0,2012,4,0,1200.0,Good,14,4.0,3.0,8333.333333333334
50.0,1,1,Unfurnished,"Indra Park Palam, Manglapuri",1,1500000,Ready_to_move,Resale,Builder_Floor,8333.0,1996,3,0,50.0,Fair,30,2.0,1.0,30000.0
1100.0,2,2,Semi-Furnished,"Sultanpur carpet area 1100 sqft status Ready to Move floor 1 out of 4 floors transaction Resale furnishing Semi-Furnished overlooking Main Road car parking 1 Covered bathroom 2 balcony 2 ownership Freehold 2 bhk flat available in sultanpur, near metro station, loan facility available, with registry, all the modern facilities are variable, with car parking, near market, fully ventilated. read more Contact Agent View Phone No. Share Feedback Agent Delhi Dream 3500+ Buyers Served",1,2800000,Ready_to_move,Resale,Builder_Floor,8333.0,2012,13,0,1100.0,Good,14,4.0,3.0,2545.4545454545455
700.0,2,2,Semi-Furnished,Sultanpur Extension,1,2600000,Ready_to_move,Resale,Builder_Floor,3714.0,2009,10,0,700.0,Average,17,4.0,2.5,3714.285714285714
500.0,1,1,Furnished,"New Manglapuri, Sultanpur",1,2350000,Ready_to_move,Resale,Builder_Floor,3714.0,2009,3,0,500.0,Average,17,2.0,3.5,4700.0
540.0,1,1,Unfurnished,Sultanpur Extension,1,2350000,Ready_to_move,Resale,Apartment,3714.0,2015,10,0,540.0,Good,11,2.0,2.0,4351.851851851852
450.0,1,1,Unfurnished,Sultanpur,1,2000000,Ready_to_move,New_Property,Builder_Floor,3714.0,2011,7,0,450.0,Good,15,2.0,2.0,4444.444444444444
800.0,2,2,Semi-Furnished,Sultanpur,1,5000000,Almost_ready,Resale,Builder_Floor,3714.0,2017,1,0,800.0,Good,9,4.0,3.0,6250.0
700.0,2,2,Semi-Furnished,"New Manglapuri, Sultanpur",1,3500000,Ready_to_move,Resale,Builder_Floor,3714.0,2018,7,0,700.0,Excellent,8,4.0,4.0,5000.0
750.0,2,2,Semi-Furnished,Sultanpur,1,4500000,Almost_ready,Resale,Builder_Floor,3714.0,2022,3,0,750.0,Excellent,4,4.0,4.0,6000.0
750.0,2,2,Unfurnished,Sultanpur,1,4000000,Ready_to_move,Resale,Builder_Floor,3714.0,2019,4,0,750.0,Excellent,7,4.0,3.0,5333.333333333333
1600.0,3,3,Unfurnished,"New Manglapuri, Sultanpur",1,10800000,Ready_to_move,Resale,Builder_Floor,3714.0,2011,14,0,1600.0,Good,15,6.0,2.0,6750.0
1000.0,3,2,Unfurnished,"New Manglapuri, Sultanpur",1,10000000,Ready_to_move,New_Property,Builder_Floor,3714.0,2010,11,0,1000.0,Average,16,5.0,1.5,10000.0
900.0,3,2,Semi-Furnished,"Manglapuri, Sultanpur",1,9000000,Ready_to_move,Resale,Builder_Floor,3714.0,2002,3,0,900.0,Average,24,5.0,2.5,10000.0
1700.0,3,3,Semi-Furnished,"New Manglapuri, Sultanpur",1,8500000,Ready_to_move,New_Property,Apartment,3714.0,2013,13,0,1700.0,Good,13,6.0,3.0,5000.0
1100.0,3,2,Semi-Furnished,"New Manglapuri, Sultanpur",1,6000000,Ready_to_move,Resale,Builder_Floor,3714.0,2000,9,0,1100.0,Fair,26,5.0,2.0,5454.545454545455
1000.0,3,3,Semi-Furnished,"New Manglapuri, Sultanpur",1,5500000,Ready_to_move,New_Property,Apartment,3714.0,2023,14,0,1000.0,Excellent,3,6.0,4.0,5500.0
1000.0,3,2,Semi-Furnished,"Manglapuri, Sultanpur",1,7000000,Ready_to_move,New_Property,Builder_Floor,7000.0,2020,12,0,1000.0,Excellent,6,5.0,4.0,7000.0
1100.0,3,2,Furnished,Sultanpur,1,6000000,Ready_to_move,Resale,Apartment,5455.0,1999,6,0,1100.0,Fair,27,5.0,3.0,5454.545454545455
765.0,3,2,Unfurnished,"Manglapuri, Sultanpur",1,3700000,Ready_to_move,Resale,Builder_Floor,4837.0,2018,9,0,765.0,Excellent,8,5.0,3.0,4836.601307189542
900.0,2,2,Semi-Furnished,"Indra Park Palam, Manglapuri",1,3100000,Ready_to_move,Resale,Builder_Floor,3444.0,1999,8,0,900.0,Fair,27,4.0,2.0,3444.4444444444443
600.0,2,2,Unfurnished,Sultanpur,1,4500000,Ready_to_move,Resale,Apartment,3444.0,2016,11,0,600.0,Good,10,4.0,2.0,7500.0
360.0,1,1,Semi-Furnished,"Indra Park Palam, Manglapuri",1,1500000,Ready_to_move,Resale,Builder_Floor,4167.0,1998,4,0,360.0,Fair,28,2.0,2.0,4166.666666666667
950.0,3,2,Semi-Furnished,Chhattarpur,1,7090000,Almost_ready,New_Property,Builder_Floor,,2010,5,0,950.0,Average,16,5.0,2.5,7463.1578947368425
3600.0,2,2,Semi-Furnished,"Chhattarpur carpet area 400 sqyrd status Ready to Move transaction New Property furnishing Semi-Furnished car parking 1 Covered, 1 Open bathroom 2 balcony 1 Newly Constructed Property It's a Ground floor Builder Floor Apartment in a building of total 4 floors. The Builder Floor Apartment is newly constructed. Prime facilities are easily accessible from this place with Oxford Angel Public School (0 km ). Other key neighbourhood are Abdul Gaffar Khan Market (0 km ). read more Contact Agent View Phone No. Share Feedback Home Hunt Has Maximum Property Options Is the Top Agent of the Locality Is Trusted by All Users 4 Property Options in Chhattarpur CRISIL Rating Operating Since 2011 No of employees 5 Home Hunt Certified Agent Locality Superstar Chhattarpur 500+ Buyers Served",1,4500000,Ready_to_move,New_Property,Builder_Floor,,2015,4,0,3600.0,Good,11,4.0,3.0,1250.0
1305.0,4,3,Unfurnished,"JVTS Gardens, Chhattarpur",1,5500000,Almost_ready,New_Property,Builder_Floor,,2017,5,0,1305.0,Good,9,7.0,2.0,4214.55938697318
1800.0,3,4,Semi-Furnished,Chhattarpur,2,63000000,Almost_ready,New_Property,Apartment,,2008,3,1,1800.0,Average,18,7.0,3.5,35000.0
950.0,3,2,Semi-Furnished,Chhattarpur,2,6990000,Almost_ready,New_Property,Builder_Floor,,2022,1,1,950.0,Excellent,4,5.0,5.0,7357.894736842105
800.0,2,2,Semi-Furnished,Chhattarpur,1,4400000,Ready_to_move,New_Property,Apartment,,2018,15,0,800.0,Excellent,8,4.0,4.0,5500.0
1800.0,4,4,Semi-Furnished,Chhattarpur Enclave Phase2,1,12500000,Ready_to_move,Resale,Builder_Floor,,2002,2,0,1800.0,Average,24,8.0,2.5,6944.444444444444
800.0,2,2,Semi-Furnished,Chhattarpur,1,3000000,Ready_to_move,New_Property,Builder_Floor,,2015,14,0,800.0,Good,11,4.0,3.0,3750.0
675.0,2,2,Semi-Furnished,Chhattarpur,1,2800000,Ready_to_move,New_Property,Builder_Floor,,2017,1,0,675.0,Good,9,4.0,3.0,4148.148148148148
1175.0,3,3,Unfurnished,"JVTS Gardens, Chhattarpur",4,5000000,Almost_ready,New_Property,Builder_Floor,,2005,12,1,1175.0,Average,21,6.0,2.5,4255.31914893617
1500.0,3,3,Unfurnished,Chhattarpur,4,6000000,Ready_to_move,Resale,Builder_Floor,,2017,5,1,1500.0,Good,9,6.0,3.0,4000.0
810.0,2,2,Unfurnished,Chhattarpur,4,4500000,Ready_to_move,Resale,Apartment,,2022,8,3,810.0,Excellent,4,4.0,4.0,5555.555555555556
630.0,2,2,Unfurnished,Chhattarpur Enclave Phase2,1,2800000,Ready_to_move,Resale,Apartment,,2019,5,0,630.0,Excellent,7,4.0,3.0,4444.444444444444
650.0,2,2,Semi-Furnished,Chhattarpur,1,2500000,Ready_to_move,Resale,Builder_Floor,,2018,8,0,650.0,Excellent,8,4.0,4.0,3846.153846153846
1800.0,4,4,Semi-Furnished,Chhattarpur Enclave Phase2,1,8500000,Ready_to_move,New_Property,Builder_Floor,,2014,7,0,1800.0,Good,12,8.0,3.0,4722.222222222223
725.0,2,2,Furnished,Chhattarpur,1,3000000,Ready_to_move,Resale,Apartment,4138.0,2003,8,0,725.0,Average,23,4.0,3.5,4137.931034482759
900.0,3,2,Semi-Furnished,Chhattarpur,1,4900000,Ready_to_move,New_Property,Builder_Floor,4138.0,2019,6,0,900.0,Excellent,7,5.0,4.0,5444.444444444444
750.0,2,2,Unfurnished,Chhattarpur,1,3500000,Ready_to_move,New_Property,Builder_Floor,4138.0,2006,9,0,750.0,Average,20,4.0,1.5,4666.666666666667
700.0,2,2,Semi-Furnished,Chhattarpur Enclave Phase2,1,3000000,Ready_to_move,New_Property,Builder_Floor,4138.0,2011,13,0,700.0,Good,15,4.0,3.0,4285.714285714285
950.0,3,2,Semi-Furnished,Chhattarpur,1,7020000,Almost_ready,New_Property,Builder_Floor,4138.0,2005,7,0,950.0,Average,21,5.0,2.5,7389.473684210527
1600.0,3,4,Unfurnished,"DLF Chattarpur Farms, Chhattarpur",1,60000000,Almost_ready,New_Property,Apartment,4138.0,2005,6,0,1600.0,Average,21,7.0,1.5,37500.0
900.0,2,2,Semi-Furnished,Chhattarpur,1,3500000,Ready_to_move,New_Property,Builder_Floor,4138.0,2000,2,0,900.0,Fair,26,4.0,2.0,3888.8888888888887
1500.0,3,3,Semi-Furnished,Chhattarpur,1,7000000,Ready_to_move,New_Property,Builder_Floor,4138.0,2023,6,0,1500.0,Excellent,3,6.0,4.0,4666.666666666667
500.0,2,1,Semi-Furnished,Chhattarpur Enclave Phase2,2,7000000,Ready_to_move,Resale,Apartment,4138.0,2000,2,1,500.0,Fair,26,3.0,3.0,14000.0
1035.0,3,3,Semi-Furnished,Chhattarpur Enclave Phase2,1,4500000,Ready_to_move,New_Property,Builder_Floor,4138.0,1998,3,0,1035.0,Fair,28,6.0,2.0,4347.826086956522
825.0,3,2,Semi-Furnished,"Aravali Tower, Chhattarpur",1,5990000,Ready_to_move,New_Property,Builder_Floor,4138.0,2023,15,0,825.0,Excellent,3,5.0,4.0,7260.606060606061
1300.0,3,3,Semi-Furnished,Chhattarpur,1,4400000,Ready_to_move,New_Property,Builder_Floor,4138.0,2012,2,0,1300.0,Good,14,6.0,3.0,3384.6153846153848
765.0,2,2,Unfurnished,Chhattarpur,4,2500000,Ready_to_move,New_Property,Builder_Floor,4138.0,2008,8,1,765.0,Average,18,4.0,2.5,3267.97385620915
580.0,1,1,Semi-Furnished,Chhattarpur Enclave Phase2,1,1600000,Ready_to_move,New_Property,Builder_Floor,4138.0,2017,13,0,580.0,Good,9,2.0,3.0,2758.6206896551726
1750.0,3,3,Semi-Furnished,Chhattarpur Enclave Phase2,1,6500000,Ready_to_move,New_Property,Builder_Floor,4138.0,2007,15,0,1750.0,Average,19,6.0,2.5,3714.285714285714
650.0,2,2,Semi-Furnished,Mehrauli,1,2750000,Ready_to_move,Resale,Apartment,,1999,3,0,650.0,Fair,27,4.0,2.0,4230.7692307692305
405.0,1,1,Semi-Furnished,Mehrauli,1,1500000,Ready_to_move,New_Property,Apartment,,2017,3,0,405.0,Good,9,2.0,3.0,3703.703703703704
675.0,2,1,Unfurnished,Mehrauli,1,2200000,Ready_to_move,Resale,Builder_Floor,3259.0,2001,6,0,675.0,Average,25,3.0,1.5,3259.259259259259
850.0,2,2,Semi-Furnished,Mehrauli,1,2800000,Ready_to_move,Resale,Apartment,3294.0,2012,9,0,850.0,Good,14,4.0,3.0,3294.1176470588234
800.0,3,3,Semi-Furnished,Mehrauli,1,4500000,Ready_to_move,Resale,Apartment,3294.0,2023,15,0,800.0,Excellent,3,6.0,4.0,5625.0
405.0,1,1,Furnished,Mehrauli,1,1800000,Ready_to_move,Resale,Apartment,3294.0,2023,4,0,405.0,Excellent,3,2.0,5.0,4444.444444444444
1350.0,3,3,Unfurnished,Mehrauli,1,8500000,Ready_to_move,New_Property,Builder_Floor,3294.0,2006,3,0,1350.0,Average,20,6.0,1.5,6296.2962962962965
1350.0,3,3,Unfurnished,Mehrauli,1,8500000,Ready_to_move,New_Property,Apartment,3294.0,2018,4,0,1350.0,Excellent,8,6.0,3.0,6296.2962962962965
450.0,1,1,Unfurnished,Mehrauli,1,1700000,Ready_to_move,New_Property,Builder_Floor,3294.0,2013,14,0,450.0,Good,13,2.0,2.0,3777.777777777778
1300.0,3,3,Semi-Furnished,"Mehrauli carpet area 1300 sqft status Ready to Move floor 2 out of 4 floors transaction New Property furnishing Semi-Furnished facing East overlooking Garden/Park, Main Road car parking 2 Covered bathroom 3 balcony 2 ownership Freehold 3 bhk flat with attached washroom, modular kitchen, IInd floor, one car and one bike parking, lift, gated society, security, cctv camera, water backup. read more Contact Agent View Phone No. Share Feedback Agent India Bhoomi",2,7000000,Ready_to_move,New_Property,Builder_Floor,3294.0,2009,1,1,1300.0,Average,17,6.0,3.5,5384.615384615385
1050.0,3,2,Unfurnished,Mehrauli,2,5600000,Ready_to_move,New_Property,Builder_Floor,3294.0,2000,6,1,1050.0,Fair,26,5.0,2.0,5333.333333333333
1675.0,4,3,Furnished,Mehrauli,2,13500000,Ready_to_move,Resale,Builder_Floor,8060.0,2006,2,1,1675.0,Average,20,7.0,4.5,8059.701492537313
1250.0,3,3,Unfurnished,Mehrauli,2,8500000,Almost_ready,New_Property,Builder_Floor,8060.0,2014,3,1,1250.0,Good,12,6.0,3.0,6800.0
1080.0,3,3,Unfurnished,Mehrauli,5,6000000,Ready_to_move,New_Property,Apartment,8060.0,2024,14,3,1080.0,New,2,6.0,4.0,5555.555555555556
1170.0,3,3,Unfurnished,"Andheria Mor, Mehrauli",5,7200000,Almost_ready,New_Property,Builder_Floor,8060.0,1996,1,3,1170.0,Fair,30,6.0,2.0,6153.846153846154
1250.0,3,2,Semi-Furnished,Mehrauli carpet area 1250 sqft status Ready to Move floor Ground out of 8 floors transaction Resale furnishing Semi-Furnished facing East overlooking Main Road car parking 1 Covered bathroom 2 balcony 3 ownership Freehold The flat located are very good condition and well developed area. The flat area are very spaciable. This flat balcony view is very best society very neat and clean. read more Contact Agent View Phone No. Share Feedback Agent Bharti Real Estate 100+ Buyers Served,1,6500000,Ready_to_move,Resale,Apartment,8060.0,2016,5,0,1250.0,Good,10,5.0,3.0,5200.0
1500.0,3,3,Semi-Furnished,"Andheria Mor, Mehrauli",1,8400000,Ready_to_move,New_Property,Apartment,8060.0,2020,14,0,1500.0,Excellent,6,6.0,4.0,5600.0
1350.0,3,3,Unfurnished,Mehrauli,1,8500000,Ready_to_move,New_Property,Apartment,8060.0,2023,10,0,1350.0,Excellent,3,6.0,3.0,6296.2962962962965
855.0,2,2,Semi-Furnished,Mehrauli,1,4000000,Ready_to_move,Resale,Builder_Floor,4678.0,2008,2,0,855.0,Average,18,4.0,2.5,4678.362573099415
540.0,1,1,Unfurnished,Mehrauli,1,1700000,Ready_to_move,Resale,Builder_Floor,3148.0,1999,7,0,540.0,Fair,27,2.0,1.0,3148.1481481481483
1044.0983,3,2,Unfurnished,Mehrauli,1,6000000,Ready_to_move,Resale,Builder_Floor,3148.0,2003,15,0,1044.1,Average,23,5.0,1.5,5746.585355037931
405.0,1,1,Semi-Furnished,Mehrauli,1,1600000,Ready_to_move,Resale,Apartment,3148.0,2020,7,0,405.0,Excellent,6,2.0,4.0,3950.617283950617
500.0,1,2,Semi-Furnished,Mehrauli,1,2100000,Ready_to_move,Resale,Apartment,4200.0,2021,8,0,500.0,Excellent,5,3.0,4.0,4200.0
450.0,1,1,Furnished,Mehrauli,1,1700000,Ready_to_move,Resale,Apartment,3778.0,2014,8,0,450.0,Good,12,2.0,4.0,3777.777777777778
405.0,1,1,Unfurnished,"Andheria Mor, Mehrauli",1,1500000,Ready_to_move,Resale,Apartment,3778.0,1999,10,0,405.0,Fair,27,2.0,1.0,3703.703703703704
405.0,1,1,Unfurnished,Mehrauli,1,1200000,Ready_to_move,Resale,Builder_Floor,2963.0,1999,3,0,405.0,Fair,27,2.0,1.0,2962.962962962963
450.0,1,1,Unfurnished,"Brijwasi Colony, Mehrauli",1,1650000,Ready_to_move,Resale,Apartment,3667.0,2009,13,0,450.0,Average,17,2.0,1.5,3666.6666666666665
173.0,2,2,Unfurnished,Mehrauli,1,3500000,Ready_to_move,Resale,Builder_Floor,3667.0,2013,15,0,173.0,Good,13,4.0,2.0,20231.21387283237
1100.0,3,2,Unfurnished,Mehrauli,1,8500000,Ready_to_move,Resale,Builder_Floor,7727.0,1996,3,0,1100.0,Fair,30,5.0,1.0,7727.272727272727
600.0,2,2,Unfurnished,Mehrauli,1,3200000,Ready_to_move,Resale,Builder_Floor,5333.0,2015,13,0,600.0,Good,11,4.0,2.0,5333.333333333333
800.0,3,2,Semi-Furnished,Mahavir Enclave,1,4400000,Ready_to_move,New_Property,Builder_Floor,,2011,13,0,800.0,Good,15,5.0,3.0,5500.0
990.0,4,3,Unfurnished,Mahavir Enclave Part 1,1,7200000,Almost_ready,New_Property,Builder_Floor,,1996,12,0,990.0,Fair,30,7.0,1.0,7272.727272727273
1100.0,3,2,Semi-Furnished,Mahavir Enclave Part 1,1,7500000,Ready_to_move,New_Property,Builder_Floor,,1998,6,0,1100.0,Fair,28,5.0,2.0,6818.181818181818
1100.0,3,2,Unfurnished,Mahavir Enclave,1,6500000,Ready_to_move,New_Property,Apartment,,2009,8,0,1100.0,Average,17,5.0,1.5,5909.090909090909
527.0,2,2,Semi-Furnished,Mahavir Enclave Part 1,1,3500000,Ready_to_move,Resale,Builder_Floor,,2016,13,0,527.0,Good,10,4.0,3.0,6641.366223908918
1000.0,2,2,Semi-Furnished,Mahavir Enclave Part 1 carpet area 1000 sqft status Ready to Move floor 2 out of 4 floors transaction Resale furnishing Semi-Furnished facing East car parking 1 Covered bathroom 2 balcony 2 East Facing Property this property is for sale purpose.......................... Contact Owner View Phone No. Share Feedback Owner Twinkle Sudan,1,6500000,Ready_to_move,Resale,Builder_Floor,,2019,3,0,1000.0,Excellent,7,4.0,4.0,6500.0
1000.0,3,2,Semi-Furnished,Mahavir Enclave Part 1,1,6200000,Ready_to_move,Resale,Builder_Floor,,2008,13,0,1000.0,Average,18,5.0,2.5,6200.0
450.0,1,1,Semi-Furnished,Mahavir Enclave Part 1,1,2500000,Ready_to_move,New_Property,Builder_Floor,,2004,14,0,450.0,Average,22,2.0,2.5,5555.555555555556
600.0,2,2,Semi-Furnished,Mahavir Enclave,1,3000000,Ready_to_move,New_Property,Apartment,,2024,11,0,600.0,New,2,4.0,4.0,5000.0
950.0,3,2,Furnished,Mahavir Enclave Part 1,1,6000000,Ready_to_move,New_Property,Builder_Floor,,2009,6,0,950.0,Average,17,5.0,3.5,6315.789473684211
855.0,3,2,Unfurnished,Mahavir Enclave Part 1,1,4800000,Ready_to_move,Resale,Apartment,,2005,9,0,855.0,Average,21,5.0,1.5,5614.035087719299
770.0,2,2,Semi-Furnished,Mahavir Enclave,1,3790000,Ready_to_move,New_Property,Builder_Floor,4922.0,2008,1,0,770.0,Average,18,4.0,2.5,4922.077922077922
810.0,3,2,Semi-Furnished,Mahavir Enclave,1,4200000,Ready_to_move,New_Property,Apartment,4922.0,1996,14,0,810.0,Fair,30,5.0,2.0,5185.185185185185
710.0,2,2,Unfurnished,Mahavir Enclave,1,2900000,Ready_to_move,Resale,Apartment,4922.0,2004,6,0,710.0,Average,22,4.0,1.5,4084.507042253521
950.0,3,2,Unfurnished,Mahavir Enclave Part 1,1,5000000,Ready_to_move,Resale,Builder_Floor,4922.0,2010,1,0,950.0,Average,16,5.0,1.5,5263.1578947368425
450.0,1,1,Semi-Furnished,Mahavir Enclave Part 1,1,2100000,Ready_to_move,New_Property,Builder_Floor,4922.0,2022,12,0,450.0,Excellent,4,2.0,4.0,4666.666666666667
500.0,2,2,Semi-Furnished,Mahavir Enclave Part 1,1,3200000,Ready_to_move,Resale,Apartment,4922.0,2017,10,0,500.0,Good,9,4.0,3.0,6400.0
600.0,2,1,Semi-Furnished,Mahavir Enclave Part 1,1,3000000,Ready_to_move,Resale,Apartment,4922.0,2018,10,0,600.0,Excellent,8,3.0,4.0,5000.0
420.0,1,1,Unfurnished,Mahavir Enclave Part 1,1,2300000,Ready_to_move,Resale,Builder_Floor,4922.0,2011,1,0,420.0,Good,15,2.0,2.0,5476.190476190476
900.0,3,2,Semi-Furnished,Mahavir Enclave Part 1,1,5900000,Almost_ready,New_Property,Builder_Floor,6556.0,1999,12,0,900.0,Fair,27,5.0,2.0,6555.555555555556
945.0,3,2,Semi-Furnished,Mahavir Enclave Part 1,1,5500000,Ready_to_move,Resale,Apartment,5820.0,2007,10,0,945.0,Average,19,5.0,2.5,5820.10582010582
565.0,2,2,Unfurnished,Mahavir Enclave carpet area 565 sqft status Ready to Move floor Ground out of 1 floor transaction Resale furnishing Unfurnished facing East car parking 1 Covered bathroom 2 balcony 1 ownership Freehold East Facing Property This Freehold Builder Floor Apartment is located at Ground floor in a building of total 1 floors. The age of construction for this apartment Builder Floor Apartment is Less than 5 years. High quality flooring of types Granite are available in different rooms. read more Contact Owner View Phone No. Share Feedback Owner Adesh Sah,1,3500000,Ready_to_move,Resale,Builder_Floor,5820.0,2024,12,0,565.0,New,2,4.0,3.0,6194.690265486725
450.0,2,1,Semi-Furnished,Mahavir Enclave Part 3,1,1700000,Ready_to_move,Resale,Apartment,3778.0,1997,13,0,450.0,Fair,29,3.0,2.0,3777.777777777778
430.0,1,1,Unfurnished,Mahavir Enclave,1,1850000,Ready_to_move,New_Property,Builder_Floor,3778.0,2021,4,0,430.0,Excellent,5,2.0,3.0,4302.325581395349
550.0,2,2,Unfurnished,Mahavir Enclave,1,2300000,Ready_to_move,Resale,Builder_Floor,3778.0,2015,4,0,550.0,Good,11,4.0,2.0,4181.818181818182
810.0,3,2,Furnished,Mahavir Enclave,1,3800000,Ready_to_move,Resale,Builder_Floor,42222.0,2004,14,0,810.0,Average,22,5.0,3.5,4691.358024691358
720.0,3,2,Semi-Furnished,Mahavir Enclave Part 1,1,4500000,Ready_to_move,Resale,Builder_Floor,42222.0,2018,8,0,720.0,Excellent,8,5.0,4.0,6250.0
360.0,2,1,Semi-Furnished,"Vijay Enclave, Mahavir Enclave",1,2200000,Ready_to_move,New_Property,Apartment,42222.0,2020,7,0,360.0,Excellent,6,3.0,4.0,6111.111111111111
820.0,3,2,Semi-Furnished,Mahavir Enclave,1,5200000,Ready_to_move,Resale,Builder_Floor,42222.0,1997,5,0,820.0,Fair,29,5.0,2.0,6341.463414634146
459.0,2,2,Semi-Furnished,Mahavir Enclave Part 3,1,2200000,Ready_to_move,Resale,Builder_Floor,43137.0,1999,10,0,459.0,Fair,27,4.0,2.0,4793.028322440087
378.0,1,2,Unfurnished,"Narela Sector A1 carpet area 42 sqyrd status Ready to Move floor Ground out of 5 floors transaction Resale furnishing Unfurnished facing North - East overlooking Garden/Park, Main Road car parking 2 Open bathroom 2 balcony 2 ownership Freehold Near bawana industrial area and j.j. colony. DDA Housing property LIG FLAT very nice property for single family 200 hundreds family already living IN THIS SOCIETY and very piece full atmosphere this society 24 hour guards all facility available read more Contact Owner View Phone No. Share Feedback Owner Vivek Gupta",2,1500000,Ready_to_move,Resale,Apartment,,2015,12,1,378.0,Good,11,3.0,3.0,3968.253968253968
450.0,1,1,Furnished,"DDA Flats Pocket 6 Sector A10, Narela",2,2200000,Ready_to_move,Resale,Apartment,4889.0,2024,1,1,450.0,New,2,2.0,5.0,4888.888888888889
900.0,2,2,Semi-Furnished,"DDA Flats Pocket 1 Sector A9, Narela",2,3800000,Ready_to_move,Resale,Apartment,4222.0,1996,9,1,900.0,Fair,30,4.0,3.0,4222.222222222223
360.0,1,1,Unfurnished,"DDA Janta Flats, Tikri Khurd Sector B2, Narela",1,1800000,Ready_to_move,Resale,Apartment,5000.0,2015,15,0,360.0,Good,11,2.0,2.0,5000.0
559.7228,2,2,Furnished,Narela,3,2850000,Ready_to_move,Resale,Apartment,5092.0,1999,5,2,559.72,Fair,27,4.0,4.0,5091.80615833409
350.0,1,1,Unfurnished,Narela,3,2500000,Ready_to_move,Resale,Apartment,7143.0,2014,5,1,350.0,Good,12,2.0,3.0,7142.857142857143
365.0,1,1,Unfurnished,Narela,39,3500000,Ready_to_move,Resale,Apartment,7143.0,2014,14,32,365.0,Good,12,2.0,3.0,9589.04109589041
390.0,1,1,Unfurnished,"DDA Lig Flats, Narela",39,2000000,Ready_to_move,Resale,Apartment,5128.0,1998,1,15,390.0,Fair,28,2.0,2.0,5128.205128205128
350.0,1,1,Unfurnished,"DDA Flats Pocket 3, Narela",39,3000000,Ready_to_move,Resale,Apartment,5128.0,2015,6,28,350.0,Good,11,2.0,3.0,8571.42857142857
210.0,1,1,Semi-Furnished,"DDA Lig Flats, Narela",39,2000000,Ready_to_move,New_Property,Apartment,5128.0,2022,7,18,210.0,Excellent,4,2.0,5.0,9523.809523809523
50.0,1,1,Unfurnished,"DDA Lig Flats, Narela",39,3500000,Ready_to_move,New_Property,Apartment,5128.0,2021,12,2,50.0,Excellent,5,2.0,4.0,70000.0
500.0,1,1,Unfurnished,"DDA Pocket H, Narela",39,1800000,Ready_to_move,Resale,Apartment,3600.0,1996,2,21,500.0,Fair,30,2.0,2.0,3600.0
350.0,1,1,Unfurnished,"DDA Lig Flats, Narela",39,1600000,Ready_to_move,Resale,Apartment,4571.0,2003,7,2,350.0,Average,23,2.0,2.5,4571.428571428572
379.0,1,1,Unfurnished,"DDA Lig Flats, Narela",1,1600000,Ready_to_move,Resale,Builder_Floor,4221.0,2002,3,0,379.0,Average,24,2.0,1.5,4221.6358839050135
236.8058,1,1,Unfurnished,Narela,1,2000000,Ready_to_move,Resale,Apartment,4221.0,2009,12,0,236.81,Average,17,2.0,1.5,8445.739082404232
445.0,1,1,Unfurnished,Narela Mandi,1,1500000,Ready_to_move,Resale,Apartment,4221.0,2000,10,0,445.0,Fair,26,2.0,1.0,3370.7865168539324
452.0838,2,1,Furnished,"DDA Flats Pocket 6 Sector A10, Narela",1,3000000,Ready_to_move,Resale,Apartment,6636.0,2020,8,0,452.08,Excellent,6,3.0,5.0,6635.937850460467
350.0,1,1,Unfurnished,Narela,1,1490000,Ready_to_move,New_Property,Apartment,4270.0,2018,6,0,350.0,Excellent,8,2.0,3.0,4257.142857142857
437.0,1,1,Furnished,"DDA Lig Flats, Narela",1,3500000,Ready_to_move,New_Property,Apartment,4270.0,2019,3,0,437.0,Excellent,7,2.0,5.0,8009.153318077803
61.0,3,3,Unfurnished,"Bhorgarh, Narela",1,4000000,Ready_to_move,Resale,Apartment,4270.0,2001,14,0,61.0,Average,25,6.0,1.5,65573.77049180328
495.0,2,2,Unfurnished,Narela,1,1750000,Ready_to_move,Resale,Builder_Floor,4270.0,1996,10,0,495.0,Fair,30,4.0,1.0,3535.3535353535353
900.0,2,2,Unfurnished,Narela Sector A9,1,4600000,Ready_to_move,Resale,Apartment,4270.0,2022,5,0,900.0,Excellent,4,4.0,3.0,5111.111111111111
350.0,1,1,Semi-Furnished,"DDA Lig Flats, Narela",1,1800000,Ready_to_move,Resale,Builder_Floor,5143.0,2004,7,0,350.0,Average,22,2.0,2.5,5142.857142857143
585.0,2,2,Unfurnished,Narela,1,1900000,Ready_to_move,Resale,Builder_Floor,3248.0,2015,11,0,585.0,Good,11,4.0,2.0,3247.863247863248
198.0,1,1,Furnished,Narela Sector A5,1,1000000,Ready_to_move,Resale,Apartment,5051.0,2022,11,0,198.0,Excellent,4,2.0,5.0,5050.50505050505
4900.0,1,1,Unfurnished,"DDA Lig Flats, Narela",1,1000000,Ready_to_move,New_Property,Apartment,5051.0,1997,7,0,4900.0,Fair,29,2.0,1.0,204.08163265306123
2077.4327,1,1,Unfurnished,"DDA Flats Pocket 3, Narela",1,1000000,Ready_to_move,Resale,Builder_Floor,5051.0,1996,5,0,2077.43,Fair,30,2.0,1.0,481.3633673909148
50.0,1,1,Semi-Furnished,"DDA Lig Flats, Narela",1,3500000,Ready_to_move,New_Property,Apartment,5051.0,1996,10,0,50.0,Fair,30,2.0,2.0,70000.0
990.0,3,2,Furnished,Narela,1,5000000,Ready_to_move,Resale,Builder_Floor,5051.0,2000,10,0,990.0,Fair,26,5.0,3.0,5050.50505050505
425.0,1,1,Unfurnished,Narela,1,2200000,Ready_to_move,Resale,Apartment,5176.0,1997,9,0,425.0,Fair,29,2.0,1.0,5176.470588235294
750.0,2,2,Unfurnished,Malviya Nagar,1,13000000,Almost_ready,New_Property,Builder_Floor,,2019,2,0,750.0,Excellent,7,4.0,3.0,17333.333333333332
1400.0,3,3,Semi-Furnished,"Shivalik, Malviya Nagar",2,34000000,Ready_to_move,New_Property,Builder_Floor,,2013,8,1,1400.0,Good,13,6.0,4.0,24285.714285714286
3600.0,4,4,Semi-Furnished,"Geetanjali Enclave, Malviya Nagar",3,60000000,Ready_to_move,New_Property,Builder_Floor,,2024,10,2,3600.0,New,2,8.0,5.0,16666.666666666668
3000.0,4,5,Semi-Furnished,"Geetanjali Enclave, Malviya Nagar",4,74500000,Ready_to_move,New_Property,Builder_Floor,,2019,15,2,3000.0,Excellent,7,9.0,5.0,24833.333333333332
2750.0,4,5,Unfurnished,"Geetanjali Enclave, Malviya Nagar",2,75000000,Almost_ready,New_Property,Builder_Floor,,2023,8,1,2750.0,Excellent,3,9.0,4.0,27272.727272727272
2050.0,4,4,Semi-Furnished,"Geetanjali Enclave, Malviya Nagar",2,62500000,Ready_to_move,New_Property,Builder_Floor,,2002,6,1,2050.0,Average,24,8.0,3.5,30487.80487804878
3000.0,4,4,Unfurnished,"Geetanjali Enclave Project, Geetanjali Enclave, Malviya Nagar",2,67000000,Ready_to_move,New_Property,Builder_Floor,14888.0,2004,9,1,3000.0,Average,22,8.0,2.5,22333.333333333332
850.0,2,2,Unfurnished,Malviya Nagar,2,8500000,Ready_to_move,Resale,Builder_Floor,14888.0,2020,3,1,850.0,Excellent,6,4.0,4.0,10000.0
750.0,2,2,Unfurnished,Malviya Nagar,2,11500000,Almost_ready,New_Property,Builder_Floor,14888.0,2003,2,1,750.0,Average,23,4.0,2.5,15333.333333333334
2600.0,4,5,Semi-Furnished,"Geetanjali Enclave Project, Geetanjali Enclave, Malviya Nagar",3,52500000,Ready_to_move,New_Property,Builder_Floor,14888.0,1997,11,1,2600.0,Fair,29,9.0,3.0,20192.30769230769
800.0,2,2,Semi-Furnished,Malviya Nagar,1,12000000,Ready_to_move,New_Property,Builder_Floor,14888.0,2015,15,0,800.0,Good,11,4.0,3.0,15000.0
550.0,2,2,Semi-Furnished,Malviya Nagar,2,10700000,Ready_to_move,Resale,Builder_Floor,14888.0,2019,13,1,550.0,Excellent,7,4.0,5.0,19454.545454545456
700.0,2,2,Semi-Furnished,Malviya Nagar,1,9000000,Ready_to_move,Resale,Apartment,14888.0,2024,9,0,700.0,New,2,4.0,4.0,12857.142857142857
2316.0,3,4,Furnished,"Geetanjali Enclave, Malviya Nagar",1,100000000,Ready_to_move,Resale,Builder_Floor,14888.0,2022,1,0,2316.0,Excellent,4,7.0,5.0,43177.892918825564
900.0,3,2,Semi-Furnished,"Khirki extension, Malviya Nagar",1,6200000,Ready_to_move,Resale,Apartment,14888.0,1999,15,0,900.0,Fair,27,5.0,2.0,6888.888888888889
100.0,3,2,Semi-Furnished,Malviya Nagar,1,17000000,Ready_to_move,Resale,Builder_Floor,14888.0,2018,7,0,100.0,Excellent,8,5.0,4.0,170000.0
900.0,2,3,Semi-Furnished,"Malviya Nagar carpet area 100 sqyrd status Ready to Move floor 2 out of 3 floors transaction Resale furnishing Semi-Furnished facing North overlooking Garden/Park, Main Road car parking 2 Open bathroom 3 balcony 2 ownership Freehold It's a Corner three story building, located in South Delhi. Amenities like Market, Schools, Hospitals, Parks, Gyms, Study Centers, Temple are all around. Very Close to Malviya Nagar Metro and Haus Khas Metro Station. Centerlize place to live. Whether you go to Gurgaon or Noida Or to other parts of the city, commuting from here is very easy. read more Contact Owner View Phone No. Share Feedback Owner Rohit",2,12500000,Ready_to_move,Resale,Builder_Floor,14888.0,2020,5,1,900.0,Excellent,6,5.0,5.0,13888.888888888889
1500.0,2,2,Semi-Furnished,Malviya Nagar,3,13000000,Ready_to_move,New_Property,Builder_Floor,14888.0,2016,14,1,1500.0,Good,10,4.0,4.0,8666.666666666666
650.0,3,2,Unfurnished,"Khirki extension, Malviya Nagar",3,4200000,Ready_to_move,Resale,Builder_Floor,14888.0,2019,12,2,650.0,Excellent,7,5.0,4.0,6461.538461538462
2000.0,4,4,Semi-Furnished,Malviya Nagar,2,36000000,Ready_to_move,New_Property,Builder_Floor,14888.0,2020,12,1,2000.0,Excellent,6,8.0,5.0,18000.0
500.0,1,1,Unfurnished,Malviya Nagar,2,2300000,Ready_to_move,Resale,Apartment,14888.0,2008,5,1,500.0,Average,18,2.0,2.5,4600.0
1125.0,2,2,Unfurnished,Malviya Nagar,2,8100000,Ready_to_move,Resale,Builder_Floor,7200.0,1997,15,1,1125.0,Fair,29,4.0,2.0,7200.0
1300.0,3,3,Semi-Furnished,Malviya Nagar,1,10000000,Ready_to_move,Resale,Builder_Floor,7200.0,2009,7,0,1300.0,Average,17,6.0,2.5,7692.307692307692
2500.0,4,5,Unfurnished,"Geetanjali Enclave, Malviya Nagar",1,62500000,Ready_to_move,New_Property,Builder_Floor,7200.0,2001,8,0,2500.0,Average,25,9.0,1.5,25000.0
2200.0,4,5,Semi-Furnished,"Geetanjali Enclave, Malviya Nagar",2,65000000,Ready_to_move,New_Property,Builder_Floor,7200.0,1999,12,1,2200.0,Fair,27,9.0,3.0,29545.454545454544
1290.0,3,2,Semi-Furnished,Malviya Nagar,2,20000000,Ready_to_move,Resale,Builder_Floor,7200.0,1999,10,1,1290.0,Fair,27,5.0,3.0,15503.875968992248
2250.0,4,4,Semi-Furnished,"Geetanjali Enclave, Malviya Nagar",2,57500000,Ready_to_move,New_Property,Builder_Floor,7200.0,2016,3,1,2250.0,Good,10,8.0,4.0,25555.555555555555
1350.0,3,3,Semi-Furnished,"Shivalik, Malviya Nagar",2,30000000,Ready_to_move,New_Property,Builder_Floor,7200.0,2010,5,1,1350.0,Average,16,6.0,3.5,22222.222222222223
1400.0,3,3,Semi-Furnished,"Shivalik, Malviya Nagar",1,30000000,Ready_to_move,New_Property,Builder_Floor,21429.0,2011,6,0,1400.0,Good,15,6.0,3.0,21428.571428571428
1700.0,3,3,Unfurnished,"Shivalik, Malviya Nagar",2,30000000,Ready_to_move,New_Property,Builder_Floor,21429.0,2017,15,1,1700.0,Good,9,6.0,3.0,17647.058823529413
450.0,1,1,Unfurnished,"Dilshad Colony, Dilshad Garden",1,3300000,Ready_to_move,Resale,Apartment,,2011,11,0,450.0,Good,15,2.0,2.0,7333.333333333333
750.0,2,1,Unfurnished,"Guru Teg Bahadur Enclave, Dilshad Garden",1,7350000,Ready_to_move,Resale,Apartment,,2014,6,0,750.0,Good,12,3.0,2.0,9800.0
1500.0,4,1,Unfurnished,"Dilshad Garden carpet area 1500 sqft status Ready to Move floor 2 out of 4 floors transaction Resale furnishing Unfurnished bathroom 1 balcony 2 Mig dda flat located at a very prime location near to market, school, hospital, metro station etc. Contact Owner View Phone No. Share Feedback Owner R",1,12500000,Ready_to_move,Resale,Apartment,,1998,12,0,1500.0,Fair,28,5.0,1.0,8333.333333333334
400.0,1,1,Semi-Furnished,"Dilshad Colony, Dilshad Garden",1,3500000,Ready_to_move,Resale,Apartment,,2020,12,0,400.0,Excellent,6,2.0,4.0,8750.0
650.0,2,2,Unfurnished,"Dilshad Colony, Dilshad Garden",1,6500000,Ready_to_move,Resale,Builder_Floor,,2009,6,0,650.0,Average,17,4.0,1.5,10000.0
900.0,2,2,Furnished,"Dilshad Colony, Dilshad Garden",2,6900000,Ready_to_move,Resale,Builder_Floor,7666.0,2000,7,1,900.0,Fair,26,4.0,4.0,7666.666666666667
400.0,1,1,Unfurnished,"Dilshad Colony, Dilshad Garden",1,3600000,Ready_to_move,Resale,Builder_Floor,7666.0,2019,14,0,400.0,Excellent,7,2.0,3.0,9000.0
900.0,3,2,Semi-Furnished,"Dilshad Colony, Dilshad Garden",2,13500000,Ready_to_move,Resale,Apartment,7666.0,2017,9,1,900.0,Good,9,5.0,4.0,15000.0
1000.0,3,2,Furnished,"DDA Flats Block A, Dilshad Garden",1,9200000,Ready_to_move,Resale,Apartment,9200.0,1997,3,0,1000.0,Fair,29,5.0,3.0,9200.0
405.0,1,1,Unfurnished,"Dilshad Colony, Dilshad Garden",1,2500000,Ready_to_move,Resale,Apartment,9200.0,2001,11,0,405.0,Average,25,2.0,1.5,6172.83950617284
1700.0,3,2,Furnished,"DDA Flats Block A, Dilshad Garden",1,17000000,Ready_to_move,Resale,Apartment,9200.0,1996,9,0,1700.0,Fair,30,5.0,3.0,10000.0
800.0,3,2,Semi-Furnished,Dilshad Garden,1,9030000,Ready_to_move,Resale,Apartment,9200.0,2003,8,0,800.0,Average,23,5.0,2.5,11287.5
1076.39,3,2,Unfurnished,"Dilshad Colony, Dilshad Garden",10,9300000,Ready_to_move,Resale,Builder_Floor,8640.0,1998,11,3,1076.39,Fair,28,5.0,2.0,8639.991081299528
750.0,2,1,Semi-Furnished,"DDA Pocket JK, Dilshad Garden",2,6500000,Ready_to_move,New_Property,Apartment,8640.0,2016,14,1,750.0,Good,10,3.0,4.0,8666.666666666666
460.0,2,1,Unfurnished,"Dilshad Colony, Dilshad Garden",2,3300000,Ready_to_move,Resale,Builder_Floor,8640.0,2011,5,1,460.0,Good,15,3.0,3.0,7173.913043478261
370.0,1,1,Unfurnished,"Dilshad Colony, Dilshad Garden",2,2400000,Ready_to_move,Resale,Builder_Floor,6486.0,2024,7,1,370.0,New,2,2.0,4.0,6486.486486486487
1800.0,3,3,Semi-Furnished,"Dilshad Colony, Dilshad Garden",1,15000000,Ready_to_move,New_Property,Builder_Floor,8333.0,2017,3,0,1800.0,Good,9,6.0,3.0,8333.333333333334
1080.0,3,1,Unfurnished,Dilshad Garden,1,7000000,Ready_to_move,New_Property,Apartment,8333.0,2013,10,0,1080.0,Good,13,4.0,2.0,6481.481481481482
350.0,1,1,Unfurnished,"DDA Pocket E, Dilshad Garden",1,4200000,Ready_to_move,Resale,Apartment,12000.0,2010,7,0,350.0,Average,16,2.0,1.5,12000.0
500.0,2,1,Furnished,Dilshad Garden,1,5800000,Ready_to_move,Resale,Apartment,12000.0,1997,6,0,500.0,Fair,29,3.0,3.0,11600.0
900.0,3,2,Semi-Furnished,"Dilshad Colony, Dilshad Garden",1,4800000,Ready_to_move,Resale,Apartment,12000.0,1998,11,0,900.0,Fair,28,5.0,2.0,5333.333333333333
800.0,2,2,Semi-Furnished,"Dilshad Colony, Dilshad Garden",1,7500000,Ready_to_move,Resale,Apartment,9375.0,2013,7,0,800.0,Good,13,4.0,3.0,9375.0
350.0,1,1,Unfurnished,"DDA Flats Pocket O, Dilshad Garden",1,3000000,Ready_to_move,Resale,Apartment,9375.0,1996,7,0,350.0,Fair,30,2.0,1.0,8571.42857142857
430.556,1,1,Unfurnished,Dilshad Garden,1,4300000,Ready_to_move,Resale,Apartment,9375.0,1997,7,0,430.56,Fair,29,2.0,1.0,9987.086464943004
500.0,1,1,Semi-Furnished,"Dilshad Colony, Dilshad Garden",1,2600000,Ready_to_move,Resale,Builder_Floor,5200.0,2002,4,0,500.0,Average,24,2.0,2.5,5200.0
1450.0,2,2,Unfurnished,Dilshad Garden,1,7000000,Ready_to_move,Resale,Apartment,5200.0,2021,2,0,1450.0,Excellent,5,4.0,3.0,4827.586206896552
800.0,2,2,Unfurnished,"Dilshad Colony, Dilshad Garden",1,6000000,Ready_to_move,Resale,Builder_Floor,7500.0,2009,13,0,800.0,Average,17,4.0,1.5,7500.0
1000.0,2,2,Semi-Furnished,"Dilshad Colony, Dilshad Garden",1,6700000,Ready_to_move,Resale,Apartment,6700.0,2016,2,0,1000.0,Good,10,4.0,3.0,6700.0
1000.0,3,3,Furnished,"DDA Pocket I, Dilshad Garden",1,9500000,Ready_to_move,Resale,Apartment,9500.0,2007,5,0,1000.0,Average,19,6.0,3.5,9500.0
1600.0,3,2,Semi-Furnished,"DDA Flats Block A, Dilshad Garden",1,17000000,Ready_to_move,Resale,Apartment,10625.0,2001,11,0,1600.0,Average,25,5.0,2.5,10625.0
900.0,2,2,Semi-Furnished,Vasundhara Enclave,1,8000000,Ready_to_move,Resale,Apartment,,2006,2,0,900.0,Average,20,4.0,2.5,8888.888888888889
1500.0,3,3,Semi-Furnished,Vasundhara Enclave,1,12000000,Ready_to_move,Resale,Apartment,,1998,10,0,1500.0,Fair,28,6.0,2.0,8000.0
1050.0,2,2,Semi-Furnished,Vasundhara Enclave,1,9000000,Ready_to_move,Resale,Apartment,,2018,11,0,1050.0,Excellent,8,4.0,4.0,8571.42857142857
1300.0,3,2,Semi-Furnished,"Samrat Apartment, Vasundhara Enclave",2,11500000,Ready_to_move,Resale,Apartment,,2001,10,1,1300.0,Average,25,5.0,3.5,8846.153846153846
1600.0,4,3,Furnished,"Mangal Apartment, Vasundhara Enclave carpet area 1600 sqft status Ready to Move floor 4 out of 7 floors transaction Resale furnishing Furnished facing South - East overlooking Garden/Park, Main Road society Mangal Apartment car parking 1 Open bathroom 3 balcony 1 ownership Freehold Fully furnished , complete marble flooring, ready to move in. Contact Owner View Phone No. Share Feedback Owner Shailendra",1,20000000,Ready_to_move,Resale,Apartment,,2006,5,0,1600.0,Average,20,7.0,3.5,12500.0
900.0,2,2,Semi-Furnished,"Prayag Apartments, Vasundhara Enclave carpet area 900 sqft status Ready to Move floor 2 out of 4 floors transaction Resale furnishing Semi-Furnished overlooking Garden/Park, Main Road society Prayag Apartments car parking 1 Open bathroom 2 balcony 2 ownership Freehold This is 2 BHK apartment , with 2 Bathroom and one parking.This is East facing Flat.Near Metro Station is Ashok Nagar read more Contact Owner View Phone No. Share Feedback Owner Sameer Kumar",1,8550000,Ready_to_move,Resale,Apartment,,2024,1,0,900.0,New,2,4.0,4.0,9500.0
1350.0,4,4,Semi-Furnished,"Abhimanyu Apartments, Vasundhara Enclave",1,10500000,Ready_to_move,Resale,Apartment,,2013,14,0,1350.0,Good,13,8.0,3.0,7777.777777777777
1000.0,3,2,Furnished,"Fancy Apartments, Vasundhara Enclave",2,12000000,Ready_to_move,Resale,Apartment,,2009,5,1,1000.0,Average,17,5.0,4.5,12000.0
1400.0,3,2,Unfurnished,"Shantidoot Apartment, Vasundhara Enclave",1,11000000,Ready_to_move,Resale,Apartment,,2011,13,0,1400.0,Good,15,5.0,2.0,7857.142857142857
975.0,3,2,Semi-Furnished,Vasundhara Enclave,1,12000000,Ready_to_move,Resale,Apartment,,2018,3,0,975.0,Excellent,8,5.0,4.0,12307.692307692309
900.0,2,2,Unfurnished,"Mangal Apartment, Vasundhara Enclave",114,9000000,Ready_to_move,Resale,Apartment,,2003,3,33,900.0,Average,23,4.0,2.5,10000.0
1100.0,2,2,Semi-Furnished,Vasundhara Enclave,114,10000000,Ready_to_move,Resale,Apartment,,2014,12,48,1100.0,Good,12,4.0,4.0,9090.90909090909
950.0,2,2,Unfurnished,Vasundhara Enclave,114,8100000,Ready_to_move,Resale,Apartment,,2021,15,30,950.0,Excellent,5,4.0,4.0,8526.315789473685
1300.0,3,3,Furnished,Vasundhara Enclave,1,9200000,Ready_to_move,Resale,Apartment,,2012,13,0,1300.0,Good,14,6.0,4.0,7076.923076923077
1459.0,3,3,Semi-Furnished,Vasundhara Enclave,1,14200000,Ready_to_move,Resale,Apartment,,2008,12,0,1459.0,Average,18,6.0,2.5,9732.693625771077
1000.0,2,2,Semi-Furnished,"Satyam Apartment, Vasundhara Enclave",1,7500000,Ready_to_move,Resale,Apartment,,2000,4,0,1000.0,Fair,26,4.0,2.0,7500.0
1100.0,2,2,Semi-Furnished,"Samrat Apartment, Vasundhara Enclave",1,9500000,Ready_to_move,Resale,Apartment,,2003,14,0,1100.0,Average,23,4.0,2.5,8636.363636363636
1450.0,3,2,Furnished,"Satyam Apartment, Vasundhara Enclave",1,14000000,Ready_to_move,Resale,Apartment,9655.0,2023,11,0,1450.0,Excellent,3,5.0,5.0,9655.172413793103
1450.0,3,3,Semi-Furnished,"Abhimanyu Apartments, Vasundhara Enclave",1,11600000,Ready_to_move,Resale,Apartment,9655.0,2011,3,0,1450.0,Good,15,6.0,3.0,8000.0
1150.0,3,3,Semi-Furnished,Vasundhara Enclave,1,12000000,Ready_to_move,Resale,Apartment,9655.0,2004,2,0,1150.0,Average,22,6.0,2.5,10434.782608695652
780.0,2,2,Semi-Furnished,Vasundhara Enclave,1,7500000,Ready_to_move,Resale,Apartment,9655.0,2008,14,0,780.0,Average,18,4.0,2.5,9615.384615384615
1300.0,3,2,Semi-Furnished,"Anekant Apartment, Vasundhara Enclave",2,9800000,Ready_to_move,Resale,Apartment,9655.0,2012,5,1,1300.0,Good,14,5.0,4.0,7538.461538461538
1350.0,3,3,Semi-Furnished,"New Delhi Apartment, Vasundhara Enclave",1,12000000,Ready_to_move,Resale,Apartment,9655.0,2011,12,0,1350.0,Good,15,6.0,3.0,8888.888888888889
1200.0,3,2,Semi-Furnished,"Mahesh Apartment, Vasundhara Enclave",1,12500000,Ready_to_move,Resale,Apartment,9655.0,2016,3,0,1200.0,Good,10,5.0,3.0,10416.666666666666
1460.0,3,3,Semi-Furnished,"Pawittra Apartment, Vasundhara Enclave",1,16500000,Ready_to_move,Resale,Apartment,9655.0,2003,5,0,1460.0,Average,23,6.0,2.5,11301.369863013699
1460.0,3,3,Unfurnished,Vasundhara Enclave,1,12000000,Ready_to_move,Resale,Apartment,9655.0,2014,5,0,1460.0,Good,12,6.0,2.0,8219.17808219178
1100.0,2,2,Unfurnished,Vasundhara Enclave,1,7200000,Ready_to_move,Resale,Apartment,9655.0,2008,5,0,1100.0,Average,18,4.0,1.5,6545.454545454545
1500.0,3,3,Furnished,"Capital Apartment, Vasundhara Enclave",2,15000000,Ready_to_move,Resale,Apartment,10000.0,2023,11,1,1500.0,Excellent,3,6.0,5.0,10000.0
1050.0,2,2,Semi-Furnished,"Hindon Apartment, Vasundhara Enclave",1,10000000,Ready_to_move,Resale,Apartment,10000.0,2000,14,0,1050.0,Fair,26,4.0,2.0,9523.809523809523
1350.0,3,3,Semi-Furnished,"Gobind Apartment, Vasundhara Enclave",1,11000000,Ready_to_move,Resale,Apartment,10000.0,2000,14,0,1350.0,Fair,26,6.0,2.0,8148.148148148148
1500.0,2,2,Furnished,"Godrej South Estate, Okhla",2,24700000,Almost_ready,New_Property,Apartment,16466.0,2009,12,1,1500.0,Average,17,4.0,4.5,16466.666666666668
976.0,2,2,Furnished,"Godrej South Estate, Okhla",2,24900000,Almost_ready,New_Property,Apartment,25512.0,2010,4,1,976.0,Average,16,4.0,4.5,25512.29508196721
540.0,2,1,Semi-Furnished,"Abul Fazal Enclave Part 1, Okhla",1,3600000,Ready_to_move,New_Property,Builder_Floor,25512.0,2016,15,0,540.0,Good,10,3.0,3.0,6666.666666666667
450.0,1,1,Semi-Furnished,"Batla House, Okhla",1,1700000,Ready_to_move,New_Property,Builder_Floor,25512.0,2007,9,0,450.0,Average,19,2.0,2.5,3777.777777777778
900.0,2,2,Unfurnished,"Sukhdev Vihar, Okhla",1,11000000,Ready_to_move,Resale,Apartment,25512.0,2022,9,0,900.0,Excellent,4,4.0,3.0,12222.222222222223
2500.0,4,4,Semi-Furnished,"Sukhdev Vihar, Okhla",2,75000000,Ready_to_move,Resale,Builder_Floor,30000.0,2009,11,1,2500.0,Average,17,8.0,3.5,30000.0
979.5149,2,2,Unfurnished,"Godrej South Estate, Okhla Phase 1",1,24800000,Almost_ready,New_Property,Apartment,30000.0,1999,12,0,979.51,Fair,27,4.0,1.0,25318.655183295323
945.0,2,2,Semi-Furnished,"Godrej South Estate, Okhla Phase 1",1,24900000,Almost_ready,New_Property,Apartment,30000.0,1999,15,0,945.0,Fair,27,4.0,2.0,26349.20634920635
976.0,2,2,Unfurnished,"Godrej South Estate, Okhla Phase 1",2,24900000,Almost_ready,New_Property,Apartment,30000.0,2024,9,1,976.0,New,2,4.0,4.0,25512.29508196721
1531.0,2,2,Unfurnished,"Godrej South Estate, Okhla",2,25900000,Almost_ready,New_Property,Apartment,16917.0,1999,10,1,1531.0,Fair,27,4.0,2.0,16917.047681254084
1000.0,2,2,Unfurnished,"Sukhdev Vihar, Okhla",2,11700000,Ready_to_move,Resale,Builder_Floor,16917.0,2023,12,1,1000.0,Excellent,3,4.0,4.0,11700.0
750.0,3,2,Furnished,"Sukhdev Vihar, Okhla",2,13500000,Ready_to_move,Resale,Apartment,16917.0,2004,4,1,750.0,Average,22,5.0,4.5,18000.0
900.0,3,2,Furnished,"Abul Fazal Enclave Part-II, Okhla",1,5500000,Ready_to_move,Resale,Builder_Floor,16917.0,1998,5,0,900.0,Fair,28,5.0,3.0,6111.111111111111
1512.0,2,2,Unfurnished,"Godrej South Estate, Okhla",1,30000000,Almost_ready,New_Property,Apartment,19841.0,2004,10,0,1512.0,Average,22,4.0,1.5,19841.26984126984
35.0,3,2,Semi-Furnished,"Abul Fazal Enclave Part 1, Okhla",2,4950000,Ready_to_move,Resale,Apartment,19841.0,2013,1,1,35.0,Good,13,5.0,4.0,141428.57142857142
1500.0,3,2,Semi-Furnished,"Sukhdev Vihar, Okhla",1,16000000,Ready_to_move,Resale,Apartment,19841.0,2008,5,0,1500.0,Average,18,5.0,2.5,10666.666666666666
2907.0,4,4,Semi-Furnished,"Sukhdev Vihar, Okhla",1,30000000,Ready_to_move,Resale,Apartment,10320.0,2018,11,0,2907.0,Excellent,8,8.0,4.0,10319.917440660474
2210.0,4,3,Semi-Furnished,"Sukhdev Vihar, Okhla",1,41000000,Ready_to_move,Resale,Builder_Floor,10320.0,2013,15,0,2210.0,Good,13,7.0,3.0,18552.036199095022
750.0,2,2,Semi-Furnished,"Abul Fazal Enclave Part-II, Okhla",1,3800000,Ready_to_move,Resale,Builder_Floor,10320.0,2007,8,0,750.0,Average,19,4.0,2.5,5066.666666666667
2518.7526,4,5,Unfurnished,"Godrej South Estate, Okhla Phase 1",2,68900000,Almost_ready,New_Property,Apartment,10320.0,2014,6,1,2518.75,Good,12,9.0,3.0,27354.810472453708
588.0,2,2,Unfurnished,"Jamia Nagar, Okhla",2,1800000,Ready_to_move,New_Property,Apartment,10320.0,2024,7,1,588.0,New,2,4.0,4.0,3061.2244897959185
540.0,2,1,Unfurnished,"Zakir Nagar, New Friends Colony",2,1500000,Ready_to_move,Resale,Builder_Floor,2778.0,2007,11,1,540.0,Average,19,3.0,2.5,2777.777777777778
1100.0,3,3,Semi-Furnished,"Sukhdev Vihar, Okhla",2,12500000,Ready_to_move,Resale,Apartment,2778.0,2000,9,1,1100.0,Fair,26,6.0,3.0,11363.636363636364
550.0,2,1,Semi-Furnished,"Batla House, Okhla",2,1600000,Ready_to_move,Resale,Apartment,2778.0,2007,1,1,550.0,Average,19,3.0,3.5,2909.090909090909
750.0,3,2,Semi-Furnished,"Batla House Project, Batla House, Okhla",1,2400000,Ready_to_move,Resale,Builder_Floor,2778.0,2020,9,0,750.0,Excellent,6,5.0,4.0,3200.0
1260.0,3,2,Semi-Furnished,"Abul Fazal Enclave Part 1, Okhla",1,7000000,Ready_to_move,Resale,Builder_Floor,5556.0,2002,7,0,1260.0,Average,24,5.0,2.5,5555.555555555556
675.0,2,2,Unfurnished,"Abul Fazal Enclave Part-II, Okhla",1,3100000,Ready_to_move,Resale,Builder_Floor,5556.0,2023,11,0,675.0,Excellent,3,4.0,3.0,4592.592592592592
810.0,2,2,Semi-Furnished,"Sukhdev Vihar, Okhla",1,14500000,Ready_to_move,Resale,Apartment,5556.0,2013,14,0,810.0,Good,13,4.0,3.0,17901.234567901236
3150.0,4,5,Semi-Furnished,"Sukhdev Vihar, Okhla",3,61500000,Ready_to_move,New_Property,Builder_Floor,5556.0,2013,15,2,3150.0,Good,13,9.0,4.0,19523.809523809523
2000.0,4,4,Semi-Furnished,"Sukhdev Vihar, Okhla",1,27500000,Ready_to_move,Resale,Builder_Floor,5556.0,2005,10,0,2000.0,Average,21,8.0,2.5,13750.0
1775.0,3,3,Semi-Furnished,"The Amaryllis, Karol Bagh",1,25500000,Almost_ready,New_Property,Apartment,14366.0,2022,6,0,1775.0,Excellent,4,6.0,4.0,14366.197183098591
1135.0,3,3,Furnished,"The Amaryllis, Karol Bagh",2,25000000,Almost_ready,Resale,Apartment,14366.0,1997,7,1,1135.0,Fair,29,6.0,4.0,22026.431718061674
1252.0,2,2,Semi-Furnished,"The Amaryllis, Karol Bagh",1,18500000,Almost_ready,New_Property,Apartment,14776.0,2004,3,0,1252.0,Average,22,4.0,2.5,14776.357827476038
2000.0,4,4,Semi-Furnished,"The Amaryllis, Karol Bagh",1,39700000,Almost_ready,New_Property,Apartment,14776.0,2008,15,0,2000.0,Average,18,8.0,2.5,19850.0
530.0,4,1,Semi-Furnished,"Dev Nagar, Karol Bagh",1,6800000,Ready_to_move,Resale,Apartment,14776.0,2009,13,0,530.0,Average,17,5.0,2.5,12830.188679245282
1332.0,3,2,Semi-Furnished,"Beadon Pura, Karol Bagh How Auctions work? The borrower has the physical possession of the Property. However the lender (Bank) can legally sell the Property. carpet area 148 sqyrd status Ready to Move floor 3 out of 3 floors transaction Resale furnishing Semi-Furnished bathroom 2 balcony 3 ownership Freehold Contact Now Enquire Now Auction By Bank",1,6540000,Ready_to_move,Resale,Builder_Floor,14776.0,2009,13,0,1332.0,Average,17,5.0,2.5,4909.90990990991
1017.0,3,3,Semi-Furnished,"The Amaryllis, Karol Bagh",1,22000000,Ready_to_move,New_Property,Apartment,14776.0,2000,5,0,1017.0,Fair,26,6.0,2.0,21632.251720747296
987.0,2,2,Semi-Furnished,"The Amaryllis, Karol Bagh",1,17000000,Ready_to_move,New_Property,Apartment,14366.0,2002,5,0,987.0,Average,24,4.0,2.5,17223.910840932116
1912.0,3,3,Semi-Furnished,"The Amaryllis, Karol Bagh",1,27500000,Almost_ready,New_Property,Apartment,14382.0,1998,13,0,1912.0,Fair,28,6.0,2.0,14382.845188284518
5236.0,5,7,Unfurnished,"The Amaryllis, Karol Bagh",3,73700000,Almost_ready,New_Property,Apartment,14092.0,2012,9,1,5236.0,Good,14,12.0,3.0,14075.63025210084
2805.0,4,4,Unfurnished,"The Amaryllis, Karol Bagh",2,52300000,Almost_ready,Resale,Apartment,14092.0,2006,11,1,2805.0,Average,20,8.0,2.5,18645.276292335115
1500.0,3,3,Unfurnished,"DDA Mig Flat, Prasad Nagar, Karol Bagh",2,16000000,Ready_to_move,Resale,Apartment,14092.0,2012,8,1,1500.0,Good,14,6.0,3.0,10666.666666666666
1280.0,3,3,Furnished,Karol Bagh,2,15000000,Ready_to_move,Resale,Builder_Floor,14092.0,2013,7,1,1280.0,Good,13,6.0,5.0,11718.75
675.0,2,2,Semi-Furnished,Karol Bagh,1,10000000,Ready_to_move,Resale,Builder_Floor,14815.0,2016,10,0,675.0,Good,10,4.0,3.0,14814.814814814816
576.0,2,2,Unfurnished,"Prasad Nagar, Karol Bagh",1,5000000,Ready_to_move,Resale,Apartment,14815.0,2011,13,0,576.0,Good,15,4.0,2.0,8680.555555555555
1206.0,3,3,Semi-Furnished,Karol Bagh,1,20000000,Ready_to_move,Resale,Builder_Floor,16584.0,2014,6,0,1206.0,Good,12,6.0,3.0,16583.74792703151
1143.0,2,2,Unfurnished,"DDA MIG Flats Prasad Nagar Phase 2, Prasad Nagar, Karol Bagh",1,16000000,Ready_to_move,Resale,Apartment,125984.0,2013,13,0,1143.0,Good,13,4.0,2.0,13998.25021872266
345.0,1,1,Semi-Furnished,Karol Bagh,1,5500000,Ready_to_move,Resale,Builder_Floor,125984.0,2014,4,0,345.0,Good,12,2.0,3.0,15942.028985507246
720.0,2,1,Semi-Furnished,"Dev Nagar, Karol Bagh",1,7000000,Ready_to_move,Resale,Builder_Floor,9722.0,2013,7,0,720.0,Good,13,3.0,3.0,9722.222222222223
468.0,2,2,Unfurnished,Karol Bagh,1,4100000,Ready_to_move,Resale,Builder_Floor,8761.0,2005,14,0,468.0,Average,21,4.0,1.5,8760.68376068376
1600.0,3,3,Semi-Furnished,"Karol Bagh carpet area 1600 sqft status Ready to Move floor 3 out of 3 floors transaction New Property furnishing Semi-Furnished facing East overlooking Garden/Park, Main Road car parking 1 Covered, 1 Open bathroom 3 balcony 2 ownership Freehold Near to Karol Bagh Metro station...................................... Its a very peaceful location ....................................................................................................................... read more Contact Agent View Phone No. Share Feedback Agent S R B Properties",1,24000000,Ready_to_move,New_Property,Builder_Floor,8761.0,2003,15,0,1600.0,Average,23,6.0,2.5,15000.0
950.0,2,2,Furnished,"DDA MIG Flats Prasad Nagar Phase 2, Prasad Nagar, Karol Bagh",1,12500000,Ready_to_move,Resale,Apartment,8761.0,2018,14,0,950.0,Excellent,8,4.0,5.0,13157.894736842105
535.0,2,1,Furnished,"Dev Nagar, Karol Bagh",1,3900000,Ready_to_move,New_Property,Apartment,7290.0,2005,5,0,535.0,Average,21,3.0,3.5,7289.719626168225
1200.0,3,2,Semi-Furnished,Karol Bagh,1,14500000,Ready_to_move,Resale,Builder_Floor,7290.0,2011,13,0,1200.0,Good,15,5.0,3.0,12083.333333333334
1501.0,3,2,Semi-Furnished,"The Amaryllis, Karol Bagh",1,20000000,Almost_ready,Resale,Apartment,13324.0,2001,15,0,1501.0,Average,25,5.0,2.5,13324.450366422385
1135.0,3,3,Furnished,"The Amaryllis, Karol Bagh",2,24500000,Almost_ready,Resale,Apartment,13324.0,2008,15,1,1135.0,Average,18,6.0,4.5,21585.90308370044
1200.0,3,2,Semi-Furnished,"The Amaryllis, Karol Bagh",1,20900000,Almost_ready,Resale,Apartment,13324.0,2011,1,0,1200.0,Good,15,5.0,3.0,17416.666666666668
2200.0,3,3,Semi-Furnished,"The Amaryllis, Karol Bagh",1,43100000,Ready_to_move,New_Property,Apartment,13324.0,2014,12,0,2200.0,Good,12,6.0,3.0,19590.909090909092
1240.0,3,3,Unfurnished,"DLF Capital Greens, Moti Nagar, Kirti Nagar ( 1 km from New Moti Nagar, Kirti Nagar)",1,18000000,Ready_to_move,Resale,Apartment,,2011,15,0,1240.0,Good,15,6.0,2.0,14516.129032258064
3002.0,4,5,Semi-Furnished,"DLF Capital Greens, New Moti Nagar, Kirti Nagar",2,50000000,Ready_to_move,Resale,Apartment,,2006,12,1,3002.0,Average,20,9.0,3.5,16655.562958027982
1350.0,3,2,Unfurnished,"New Moti Nagar, Kirti Nagar",1,18500000,Ready_to_move,Resale,Apartment,,2023,4,0,1350.0,Excellent,3,5.0,3.0,13703.703703703704
2300.0,4,5,Semi-Furnished,"New Moti Nagar, Kirti Nagar",3,46500000,Ready_to_move,New_Property,Apartment,,2010,12,2,2300.0,Average,16,9.0,3.5,20217.391304347828
1429.0,3,3,Unfurnished,"New Moti Nagar, Kirti Nagar",2,17500000,Ready_to_move,Resale,Apartment,,2019,2,1,1429.0,Excellent,7,6.0,4.0,12246.326102169349
2430.0,4,5,Semi-Furnished,"New Moti Nagar, Kirti Nagar",2,42500000,Ready_to_move,Resale,Apartment,,2017,8,1,2430.0,Good,9,9.0,4.0,17489.711934156378
1450.0,3,3,Semi-Furnished,"DLF Capital Greens, New Moti Nagar, Kirti Nagar",2,15500000,Ready_to_move,New_Property,Apartment,,2012,10,1,1450.0,Good,14,6.0,4.0,10689.655172413793
1250.0,2,2,Furnished,"DLF Capital Greens, New Moti Nagar, Kirti Nagar",2,15000000,Ready_to_move,Resale,Apartment,,2021,7,1,1250.0,Excellent,5,4.0,5.0,12000.0
2800.0,4,4,Unfurnished,"DLF Capital Greens, New Moti Nagar, Kirti Nagar",2,40000000,Ready_to_move,Resale,Apartment,14285.0,1999,11,1,2800.0,Fair,27,8.0,2.0,14285.714285714286
1646.0,3,3,Unfurnished,"DLF Capital Greens, New Moti Nagar, Kirti Nagar",1,20000000,Ready_to_move,Resale,Apartment,12151.0,2022,4,0,1646.0,Excellent,4,6.0,3.0,12150.668286755772
900.0,2,2,Semi-Furnished,"New Moti Nagar, Kirti Nagar",1,6700000,Ready_to_move,Resale,Apartment,12151.0,2020,10,0,900.0,Excellent,6,4.0,4.0,7444.444444444444
1250.0,3,2,Semi-Furnished,"DLF Capital Greens, New Moti Nagar, Kirti Nagar",1,16000000,Ready_to_move,Resale,Apartment,12151.0,2010,10,0,1250.0,Average,16,5.0,2.5,12800.0
900.0,3,2,Unfurnished,"New Moti Nagar, Kirti Nagar",1,8000000,Ready_to_move,Resale,Builder_Floor,8889.0,2017,10,0,900.0,Good,9,5.0,2.0,8888.888888888889
1590.0,3,2,Unfurnished,"DLF Capital Greens, New Moti Nagar, Kirti Nagar",2,25000000,Ready_to_move,New_Property,Apartment,8889.0,2011,5,1,1590.0,Good,15,5.0,3.0,15723.270440251572
990.0,3,2,Unfurnished,"New Moti Nagar, Kirti Nagar",2,25000000,Ready_to_move,Resale,Apartment,8889.0,2003,5,1,990.0,Average,23,5.0,2.5,25252.52525252525
2282.0,4,5,Unfurnished,"DLF Capital Greens, New Moti Nagar, Kirti Nagar",2,37500000,Ready_to_move,Resale,Apartment,8889.0,2019,4,1,2282.0,Excellent,7,9.0,4.0,16432.953549517966
1260.0,3,3,Semi-Furnished,"DLF Capital Greens, New Moti Nagar, Kirti Nagar",1,25000000,Ready_to_move,Resale,Apartment,8889.0,2003,7,0,1260.0,Average,23,6.0,2.5,19841.26984126984
1457.0,3,3,Unfurnished,"New Moti Nagar, Kirti Nagar",1,23000000,Ready_to_move,Resale,Apartment,8889.0,2005,9,0,1457.0,Average,21,6.0,1.5,15785.861358956761
1400.0,3,2,Semi-Furnished,"New Moti Nagar, Kirti Nagar",2,17500000,Ready_to_move,Resale,Apartment,8889.0,2011,6,1,1400.0,Good,15,5.0,4.0,12500.0
2175.0,4,4,Unfurnished,"DLF Capital Greens, Moti Nagar, Kirti Nagar ( 1 km from New Moti Nagar, Kirti Nagar)",1,44000000,Ready_to_move,Resale,Apartment,8889.0,2020,7,0,2175.0,Excellent,6,8.0,3.0,20229.885057471263
1450.0,3,3,Semi-Furnished,"DLF Capital Greens, New Moti Nagar, Kirti Nagar",2,15000000,Ready_to_move,New_Property,Apartment,8889.0,2007,5,1,1450.0,Average,19,6.0,3.5,10344.827586206897
2800.0,4,5,Semi-Furnished,"DLF Capital Greens, New Moti Nagar, Kirti Nagar",2,42500000,Ready_to_move,Resale,Apartment,15178.0,2010,4,1,2800.0,Average,16,9.0,3.5,15178.57142857143
861.112,2,2,Furnished,"New Moti Nagar, Kirti Nagar",2,5000000,Ready_to_move,Resale,Builder_Floor,5806.0,1997,10,1,861.11,Fair,29,4.0,4.0,5806.44561915291
2282.0,4,5,Unfurnished,"DLF Capital Greens, New Moti Nagar, Kirti Nagar",2,38000000,Ready_to_move,Resale,Apartment,5806.0,1999,13,1,2282.0,Fair,27,9.0,2.0,16652.059596844872
1753.0,3,3,Unfurnished,"DLF Capital Greens, New Moti Nagar, Kirti Nagar",1,19000000,Ready_to_move,Resale,Apartment,10838.0,1997,5,0,1753.0,Fair,29,6.0,1.0,10838.562464346835
2659.0,4,5,Unfurnished,"New Moti Nagar, Kirti Nagar",3,43500000,Ready_to_move,Resale,Apartment,10838.0,1998,13,1,2659.0,Fair,28,9.0,2.0,16359.533659270402
1550.0,3,2,Unfurnished,"New Moti Nagar, Kirti Nagar",3,19500000,Ready_to_move,Resale,Apartment,10838.0,2021,9,2,1550.0,Excellent,5,5.0,4.0,12580.645161290322
1470.0,3,2,Semi-Furnished,"DLF Capital Greens, New Moti Nagar, Kirti Nagar",2,14200000,Ready_to_move,New_Property,Apartment,10838.0,2020,3,1,1470.0,Excellent,6,5.0,5.0,9659.86394557823
702.0,3,2,Semi-Furnished,"New Moti Nagar, Kirti Nagar",2,14200000,Ready_to_move,Resale,Apartment,10838.0,2019,6,1,702.0,Excellent,7,5.0,5.0,20227.92022792023
1138.0,2,2,Semi-Furnished,"New Moti Nagar, Kirti Nagar",2,13500000,Ready_to_move,New_Property,Apartment,10838.0,1997,1,1,1138.0,Fair,29,4.0,3.0,11862.917398945518
1600.0,3,3,Semi-Furnished,Sheikh Sarai Phase 1,2,21000000,Ready_to_move,New_Property,Builder_Floor,,1998,1,1,1600.0,Fair,28,6.0,3.0,13125.0
1600.0,3,3,Semi-Furnished,Sheikh Sarai Phase 1,1,22500000,Ready_to_move,Resale,Builder_Floor,,2004,6,0,1600.0,Average,22,6.0,2.5,14062.5
1250.0,2,4,Semi-Furnished,Sheikh Sarai,1,19000000,Ready_to_move,Resale,Builder_Floor,,2012,7,0,1250.0,Good,14,6.0,3.0,15200.0
810.0,3,2,Semi-Furnished,Sheikh Sarai Phase 2,1,7500000,Ready_to_move,Resale,Builder_Floor,,2005,12,0,810.0,Average,21,5.0,2.5,9259.25925925926
585.0,2,2,Semi-Furnished,"Savitri Nagar Village, Sheikh Sarai",1,4000000,Ready_to_move,Resale,Builder_Floor,,2010,3,0,585.0,Average,16,4.0,2.5,6837.606837606838
1700.0,3,3,Unfurnished,"Savitri Nagar Village, Sheikh Sarai",2,8000000,Ready_to_move,Resale,Builder_Floor,,2001,13,1,1700.0,Average,25,6.0,2.5,4705.882352941177
1800.0,3,4,Semi-Furnished,Sheikh Sarai Phase 1,2,19000000,Ready_to_move,Resale,Apartment,10556.0,2017,4,1,1800.0,Good,9,7.0,4.0,10555.555555555555
600.0,1,1,Unfurnished,Sheikh Sarai Phase 2,2,7000000,Ready_to_move,New_Property,Apartment,10556.0,2005,3,1,600.0,Average,21,2.0,2.5,11666.666666666666
1250.0,3,3,Unfurnished,"Panchsheel Vihar, Sheikh Sarai",1,5800000,Ready_to_move,New_Property,Builder_Floor,10556.0,1997,11,0,1250.0,Fair,29,6.0,1.0,4640.0
600.0,3,2,Semi-Furnished,"Savitri Nagar Village, Sheikh Sarai",1,8000000,Ready_to_move,Resale,Builder_Floor,10556.0,2017,12,0,600.0,Good,9,5.0,3.0,13333.333333333334
1600.0,3,4,Unfurnished,Sheikh Sarai Phase 1,1,18800000,Ready_to_move,Resale,Apartment,10556.0,2022,10,0,1600.0,Excellent,4,7.0,3.0,11750.0
1100.0,3,2,Semi-Furnished,"Panchsheel Vihar, Sheikh Sarai",1,6000000,Ready_to_move,New_Property,Builder_Floor,10556.0,1996,2,0,1100.0,Fair,30,5.0,2.0,5454.545454545455
450.0,1,1,Unfurnished,"Panchsheel Vihar, Sheikh Sarai",1,2200000,Ready_to_move,New_Property,Apartment,10556.0,2008,2,0,450.0,Average,18,2.0,1.5,4888.888888888889
855.0,3,2,Semi-Furnished,"Savitri Nagar Village, Sheikh Sarai",1,6500000,Ready_to_move,Resale,Builder_Floor,10556.0,2019,6,0,855.0,Excellent,7,5.0,4.0,7602.339181286549
1291.668,3,2,Unfurnished,Sheikh Sarai Phase 1,1,23500000,Ready_to_move,Resale,Apartment,10556.0,2016,7,0,1291.67,Good,10,5.0,2.0,18193.529606679116
1300.0,2,2,Semi-Furnished,Sheikh Sarai Phase 1,2,16000000,Ready_to_move,Resale,Apartment,12307.0,2020,15,1,1300.0,Excellent,6,4.0,5.0,12307.692307692309
1350.0,3,3,Unfurnished,Sheikh Sarai Phase 1,2,20000000,Ready_to_move,Resale,Apartment,12307.0,2008,5,1,1350.0,Average,18,6.0,2.5,14814.814814814816
900.0,2,2,Unfurnished,Sheikh Sarai Phase 1,2,5500000,Ready_to_move,New_Property,Builder_Floor,12307.0,2006,3,1,900.0,Average,20,4.0,2.5,6111.111111111111
850.0,2,2,Semi-Furnished,Sheikh Sarai Phase 1,1,13500000,Ready_to_move,Resale,Apartment,15882.0,2016,15,0,850.0,Good,10,4.0,3.0,15882.35294117647
1650.0,3,3,Semi-Furnished,Sheikh Sarai Phase 1,1,22500000,Ready_to_move,Resale,Builder_Floor,15882.0,2000,3,0,1650.0,Fair,26,6.0,2.0,13636.363636363636
650.0,2,2,Unfurnished,"Panchsheel Vihar, Sheikh Sarai",1,3800000,Ready_to_move,Resale,Apartment,15882.0,2002,1,0,650.0,Average,24,4.0,1.5,5846.153846153846
630.0,2,2,Semi-Furnished,"Apna Apartments, Savitri Nagar Village, Sheikh Sarai",1,4600000,Ready_to_move,Resale,Builder_Floor,65714.0,2013,7,0,630.0,Good,13,4.0,3.0,7301.587301587301
1250.0,2,1,Semi-Furnished,Sheikh Sarai Phase 1,2,17500000,Ready_to_move,Resale,Apartment,65714.0,2015,7,1,1250.0,Good,11,3.0,4.0,14000.0
1800.0,4,3,Furnished,"Panchsheel Vihar, Sheikh Sarai",2,5500000,Ready_to_move,New_Property,Builder_Floor,65714.0,1999,10,1,1800.0,Fair,27,7.0,4.0,3055.5555555555557
1500.0,3,3,Semi-Furnished,Sheikh Sarai Phase 1,2,22500000,Ready_to_move,Resale,Builder_Floor,65714.0,2010,14,1,1500.0,Average,16,6.0,3.5,15000.0
1100.0,2,2,Semi-Furnished,Sheikh Sarai Phase 1,1,12500000,Ready_to_move,Resale,Apartment,11363.0,2006,14,0,1100.0,Average,20,4.0,2.5,11363.636363636364
1400.0,3,2,Semi-Furnished,Sheikh Sarai Phase 1,2,19000000,Ready_to_move,Resale,Apartment,13571.0,2010,5,1,1400.0,Average,16,5.0,3.5,13571.42857142857
1300.0,2,2,Semi-Furnished,Sheikh Sarai Phase 1,2,15500000,Ready_to_move,Resale,Apartment,11923.0,2023,15,1,1300.0,Excellent,3,4.0,5.0,11923.076923076924
1100.0,2,2,Semi-Furnished,Sheikh Sarai Phase 1,2,13500000,Ready_to_move,Resale,Apartment,12272.0,1998,10,1,1100.0,Fair,28,4.0,3.0,12272.727272727272
1600.0,3,3,Semi-Furnished,Sheikh Sarai Phase 1,2,21000000,Ready_to_move,Resale,Apartment,13125.0,2024,2,1,1600.0,New,2,6.0,5.0,13125.0
2250.0,4,4,Semi-Furnished,"Punjabi Bagh Enclave, Punjabi Bagh West",2,50000000,Ready_to_move,New_Property,Builder_Floor,,2009,15,1,2250.0,Average,17,8.0,3.5,22222.222222222223
2592.0,4,3,Unfurnished,Punjabi Bagh,2,42500000,Ready_to_move,Resale,Builder_Floor,,2018,3,1,2592.0,Excellent,8,7.0,4.0,16396.604938271605
1800.0,4,4,Unfurnished,Punjabi Bagh West,2,45500000,Almost_ready,New_Property,Builder_Floor,,2008,9,1,1800.0,Average,18,8.0,2.5,25277.777777777777
1700.0,3,3,Semi-Furnished,Punjabi Bagh,2,23000000,Ready_to_move,Resale,Builder_Floor,,2005,12,1,1700.0,Average,21,6.0,3.5,13529.411764705883
1640.0,3,3,Unfurnished,Punjabi Bagh West,1,12000000,Ready_to_move,Resale,Apartment,,2018,4,0,1640.0,Excellent,8,6.0,3.0,7317.073170731707
2572.0,3,3,Furnished,Punjabi Bagh West,4,35000000,Ready_to_move,Resale,Apartment,13608.0,2015,5,1,2572.0,Good,11,6.0,5.0,13608.087091757387
2100.0,3,3,Semi-Furnished,"Punjabi Bagh Enclave, Shivaji Park, Punjabi Bagh",1,25000000,Ready_to_move,Resale,Builder_Floor,11905.0,2000,8,0,2100.0,Fair,26,6.0,2.0,11904.761904761905
1620.0,3,3,Semi-Furnished,"Punjabi Bagh Extension, Punjabi Bagh",1,29000000,Ready_to_move,New_Property,Builder_Floor,11905.0,2016,14,0,1620.0,Good,10,6.0,3.0,17901.234567901236
2500.0,4,4,Semi-Furnished,Punjabi Bagh West,2,80000000,Ready_to_move,New_Property,Builder_Floor,11905.0,2017,4,1,2500.0,Good,9,8.0,4.0,32000.0
2250.0,3,3,Semi-Furnished,Punjabi Bagh West,2,20500000,Ready_to_move,Resale,Apartment,11905.0,2007,10,1,2250.0,Average,19,6.0,3.5,9111.111111111111
2445.0,4,4,Semi-Furnished,"DLF Capitals Phase III, Shivaji Park, Punjabi Bagh",1,52500000,Ready_to_move,Resale,Apartment,11905.0,2022,7,0,2445.0,Excellent,4,8.0,4.0,21472.39263803681
2250.0,4,4,Unfurnished,Punjabi Bagh,2,37500000,Ready_to_move,New_Property,Builder_Floor,11905.0,2014,2,1,2250.0,Good,12,8.0,3.0,16666.666666666668
800.0,2,2,Semi-Furnished,"Punjabi Bagh Enclave, Punjabi Bagh West",2,7500000,Ready_to_move,Resale,Apartment,11905.0,2005,11,1,800.0,Average,21,4.0,3.5,9375.0
1450.0,3,3,Semi-Furnished,"Punjabi Bagh Enclave, Punjabi Bagh",2,32500000,Ready_to_move,Resale,Builder_Floor,11905.0,1996,13,1,1450.0,Fair,30,6.0,3.0,22413.793103448275
1440.0,3,3,Unfurnished,"Punjabi Bagh Extension, Punjabi Bagh",2,24500000,Ready_to_move,Resale,Builder_Floor,11905.0,2015,9,1,1440.0,Good,11,6.0,3.0,17013.88888888889
5220.0,5,5,Unfurnished,Punjabi Bagh West,2,65000000,Ready_to_move,Resale,Builder_Floor,11905.0,2002,3,1,5220.0,Average,24,10.0,2.5,12452.107279693486
1800.0,3,3,Semi-Furnished,Punjabi Bagh,2,27500000,Ready_to_move,New_Property,Builder_Floor,11905.0,2017,3,1,1800.0,Good,9,6.0,4.0,15277.777777777777
4455.0,5,5,Semi-Furnished,Punjabi Bagh West,1,115000000,Almost_ready,New_Property,Builder_Floor,11905.0,2011,7,0,4455.0,Good,15,10.0,3.0,25813.692480359146
195.0,3,3,Semi-Furnished,"Punjabi Bagh Extension, Punjabi Bagh",1,28000000,Almost_ready,New_Property,Builder_Floor,11905.0,2009,8,0,195.0,Average,17,6.0,2.5,143589.7435897436
807.2925,2,1,Semi-Furnished,"Punjabi Bagh Extension, Punjabi Bagh",1,8000000,Ready_to_move,Resale,Builder_Floor,9909.0,2000,9,0,807.29,Fair,26,3.0,2.0,9909.667190020966
3500.0,4,4,Furnished,Punjabi Bagh West,3,75100000,Ready_to_move,New_Property,Builder_Floor,9909.0,2016,4,1,3500.0,Good,10,8.0,5.0,21457.14285714286
1000.0,2,2,Semi-Furnished,"Punjabi Bagh Enclave, Madipur, Punjabi Bagh",1,7800000,Ready_to_move,Resale,Apartment,7800.0,2000,8,0,1000.0,Fair,26,4.0,2.0,7800.0
900.0,2,2,Semi-Furnished,"Bhagwan Das Nagar, Punjabi Bagh",1,15000000,Ready_to_move,Resale,Builder_Floor,16667.0,2008,5,0,900.0,Average,18,4.0,2.5,16666.666666666668
1800.0,3,3,Furnished,Punjabi Bagh East,1,27500000,Ready_to_move,Resale,Builder_Floor,15278.0,2020,11,0,1800.0,Excellent,6,6.0,5.0,15277.777777777777
17010.0,3,3,Semi-Furnished,Punjabi Bagh West,2,25000000,Ready_to_move,Resale,Builder_Floor,15278.0,2022,12,1,17010.0,Excellent,4,6.0,5.0,1469.7236919459142
2340.0,4,4,Semi-Furnished,Punjabi Bagh East,1,26000000,Ready_to_move,Resale,Builder_Floor,15278.0,2024,10,0,2340.0,New,2,8.0,4.0,11111.111111111111
1350.0,3,3,Unfurnished,Punjabi Bagh East,1,23500000,Ready_to_move,Resale,Apartment,15278.0,2023,1,0,1350.0,Excellent,3,6.0,3.0,17407.40740740741
464.0,3,1,Unfurnished,"Bhagwan Das Nagar, Punjabi Bagh",1,4200000,Ready_to_move,Resale,Builder_Floor,15278.0,2012,15,0,464.0,Good,14,4.0,2.0,9051.724137931034
954.0,2,2,Unfurnished,Punjabi Bagh East,1,10000000,Ready_to_move,Resale,Builder_Floor,15278.0,2001,1,0,954.0,Average,25,4.0,1.5,10482.180293501047
1155.0,2,2,Semi-Furnished,"Pal Mohan Apartments, Punjabi Bagh",1,18500000,Ready_to_move,Resale,Builder_Floor,15278.0,2020,15,0,1155.0,Excellent,6,4.0,4.0,16017.316017316018
500.0,2,2,Semi-Furnished,"Govindpuri Extension, Kalkaji",1,3300000,Ready_to_move,New_Property,Builder_Floor,,2019,1,0,500.0,Excellent,7,4.0,4.0,6600.0
700.0,2,2,Semi-Furnished,"Govindpuri Extension, Kalkaji",1,3800000,Ready_to_move,New_Property,Builder_Floor,,2024,8,0,700.0,New,2,4.0,4.0,5428.571428571428
900.0,3,3,Semi-Furnished,"Govindpuri Extension, Kalkaji",1,7000000,Ready_to_move,New_Property,Builder_Floor,,2014,2,0,900.0,Good,12,6.0,3.0,7777.777777777777
1260.0,3,3,Semi-Furnished,Kalkaji,2,16500000,Ready_to_move,Resale,Builder_Floor,,2000,2,1,1260.0,Fair,26,6.0,3.0,13095.238095238095
950.0,3,2,Semi-Furnished,"Govindpuri Extension, Kalkaji",1,8000000,Ready_to_move,New_Property,Apartment,,2010,11,0,950.0,Average,16,5.0,2.5,8421.052631578947
405.0,1,1,Unfurnished,"DDA LIG Flat, Kalkaji",1,5600000,Ready_to_move,Resale,Builder_Floor,,2008,11,0,405.0,Average,18,2.0,1.5,13827.160493827161
1800.0,2,2,Furnished,Kalkaji,1,21000000,Ready_to_move,Resale,Builder_Floor,,2020,2,0,1800.0,Excellent,6,4.0,5.0,11666.666666666666
1300.0,3,3,Semi-Furnished,Kalkaji,2,21000000,Ready_to_move,Resale,Builder_Floor,,2007,15,1,1300.0,Average,19,6.0,3.5,16153.846153846154
1000.0,3,3,Semi-Furnished,"Govindpuri Extension, Kalkaji",2,8600000,Ready_to_move,New_Property,Apartment,,2005,5,1,1000.0,Average,21,6.0,3.5,8600.0
900.0,3,2,Semi-Furnished,"Giri Nagar, KalkaJi",2,6600000,Ready_to_move,Resale,Apartment,,1998,5,1,900.0,Fair,28,5.0,3.0,7333.333333333333
1800.0,3,3,Semi-Furnished,"Govindpuri Extension, Kalkaji",2,14000000,Ready_to_move,Resale,Builder_Floor,,2020,5,1,1800.0,Excellent,6,6.0,5.0,7777.777777777777
720.0,2,2,Unfurnished,"Govindpuri Extension, Kalkaji",2,4700000,Ready_to_move,Resale,Builder_Floor,,2017,7,1,720.0,Good,9,4.0,3.0,6527.777777777777
1485.0,3,3,Unfurnished,"Rishi Apartment, Kalkaji",1,30000000,Ready_to_move,Resale,Apartment,,1997,3,0,1485.0,Fair,29,6.0,1.0,20202.0202020202
1600.0,3,3,Semi-Furnished,Kalkaji,2,26000000,Ready_to_move,Resale,Builder_Floor,,2008,7,1,1600.0,Average,18,6.0,3.5,16250.0
1200.0,2,2,Furnished,"Deshbandhu Apartments, Kalkaji",2,18500000,Ready_to_move,Resale,Apartment,,2009,4,1,1200.0,Average,17,4.0,4.5,15416.666666666666
900.0,2,2,Semi-Furnished,"Dda Janta Flats, Kalkaji",2,6500000,Ready_to_move,Resale,Apartment,,2009,1,1,900.0,Average,17,4.0,3.5,7222.222222222223
900.0,2,2,Unfurnished,Kalkaji,2,15000000,Ready_to_move,Resale,Apartment,,2022,6,1,900.0,Excellent,4,4.0,4.0,16666.666666666668
800.0,2,2,Semi-Furnished,"Kalkaji super area 800 sqft status Ready to Move floor 3 out of 4 floors transaction Resale furnishing Semi-Furnished facing North - West overlooking Garden/Park, Main Road car parking 1 Open bathroom 2 balcony 2 ownership Freehold 2 bhk flat for sale in kalkaji this is third floor with 2 bed room and bathrooms very peace full location and posh. The Summer Fields School is considered as among the best school of New Delhi and is located just beside to this property. Within the range of 4-5km, you will find some of the well-equipped hospitals which include AIMS Hospital and Moolchand Hospital.for more information about this flat please call me feel free. read more Contact Agent View Phone No. Share Feedback Agent Rose Estate 100+ Buyers Served",1,8000000,Ready_to_move,Resale,Builder_Floor,10000.0,2000,11,0,800.0,Fair,26,4.0,2.0,10000.0
1150.0,2,3,Semi-Furnished,"Deshbandhu Apartments, Kalkaji",2,16100000,Ready_to_move,Resale,Apartment,10000.0,2004,12,1,1150.0,Average,22,5.0,3.5,14000.0
900.0,3,3,Semi-Furnished,"Govindpuri Extension, Kalkaji",1,6800000,Ready_to_move,New_Property,Builder_Floor,10000.0,2001,6,0,900.0,Average,25,6.0,2.5,7555.555555555556
1070.0,3,2,Furnished,Kalkaji Extention,1,6800000,Ready_to_move,Resale,Apartment,10000.0,2003,5,0,1070.0,Average,23,5.0,3.5,6355.140186915888
1050.0,2,2,Unfurnished,Kalkaji Extention,1,9000000,Ready_to_move,Resale,Apartment,10000.0,2022,12,0,1050.0,Excellent,4,4.0,3.0,8571.42857142857
1000.0,2,2,Semi-Furnished,"Kalkaji super area 1000 sqft status Ready to Move floor 2 out of 3 floors transaction Resale furnishing Semi-Furnished facing North - West overlooking Garden/Park, Main Road car parking 1 Covered, 1 Open bathroom 2 balcony 2 ownership Freehold Very beautiful 3 bedroom with attached washroom , drawing dining , modular kitchen , ac , servant room , power backup, powder room, separate underground and overhead water tanks, walking distance to market , easy access to ring road . For more details and site visit please contact cosmo properties. read more Contact Agent View Phone No. Share Feedback Agent Zee Associates",1,18000000,Ready_to_move,Resale,Builder_Floor,18000.0,2023,11,0,1000.0,Excellent,3,4.0,4.0,18000.0
1550.0,3,3,Unfurnished,"Mandakini Enclave Project, Kalkaji",2,27500000,Ready_to_move,Resale,Builder_Floor,18000.0,1997,13,1,1550.0,Fair,29,6.0,2.0,17741.935483870966
1300.0,3,2,Unfurnished,"Deshbandhu Apartments, Kalkaji carpet area 1300 sqft status Ready to Move floor 3 out of 4 floors transaction Resale furnishing Unfurnished facing North - East overlooking Garden/Park, Main Road society Deshbandhu Apartments car parking 1 Covered, 1 Open bathroom 2 balcony 2 ownership Freehold Third Floor with terrace 3 bhk builder floor apartment with 2 attached bathrooms located in kalkaji Deshbandu apartment . all water and electrical connections installed, very spacious drawing room , 2 balconies in front and rear each dedicated parking spot for 1 car. extra parking space available for additional cars, Immediately for sale , read more Contact Agent View Phone No. Share Feedback Agent Bhawani Realtors",1,13500000,Ready_to_move,Resale,Apartment,18000.0,2014,14,0,1300.0,Good,12,5.0,2.0,10384.615384615385
810.0,2,2,Semi-Furnished,Kalkaji,1,14000000,Ready_to_move,New_Property,Builder_Floor,18000.0,2002,13,0,810.0,Average,24,4.0,2.5,17283.95061728395
900.0,2,2,Furnished,Kalkaji,1,9000000,Ready_to_move,Resale,Builder_Floor,18000.0,2001,15,0,900.0,Average,25,4.0,3.5,10000.0
1200.0,2,2,Unfurnished,"Deshbandhu Apartments, Kalkaji",1,16000000,Ready_to_move,Resale,Apartment,18000.0,2004,7,0,1200.0,Average,22,4.0,1.5,13333.333333333334
1000.0,2,3,Semi-Furnished,Kalkaji Extention,1,11000000,Ready_to_move,Resale,Apartment,18000.0,2001,6,0,1000.0,Average,25,5.0,2.5,11000.0
720.0,2,2,Unfurnished,"Govindpuri Extension, Kalkaji",1,5500000,Almost_ready,New_Property,Builder_Floor,18000.0,2010,5,0,720.0,Average,16,4.0,1.5,7638.888888888889
2520.0,3,3,Unfurnished,Hauz Khas,1,47500000,Ready_to_move,New_Property,Builder_Floor,,2024,4,0,2520.0,New,2,6.0,3.0,18849.20634920635
1700.0,3,4,Unfurnished,Hauz Khas,2,45000000,Ready_to_move,New_Property,Builder_Floor,,2013,12,1,1700.0,Good,13,7.0,3.0,26470.58823529412
1800.0,3,3,Semi-Furnished,Hauz Khas,2,43500000,Ready_to_move,New_Property,Builder_Floor,24166.0,2016,11,1,1800.0,Good,10,6.0,4.0,24166.666666666668
6000.0,5,5,Semi-Furnished,"Hauz Khas Apartment, Hauz Khas Enclave, Hauz Khas",3,180000000,Ready_to_move,New_Property,Apartment,30000.0,2010,13,2,6000.0,Average,16,10.0,3.5,30000.0
1800.0,4,4,Semi-Furnished,Hauz Khas,2,80000000,Ready_to_move,New_Property,Builder_Floor,30000.0,1996,3,1,1800.0,Fair,30,8.0,3.0,44444.444444444445
2000.0,3,3,Unfurnished,"Sarva Priya Apartment, Hauz Khas",2,37500000,Ready_to_move,Resale,Apartment,30000.0,1998,8,1,2000.0,Fair,28,6.0,2.0,18750.0
2066.0,4,4,Unfurnished,Hauz Khas,2,60000000,Almost_ready,New_Property,Builder_Floor,30000.0,2003,4,1,2066.0,Average,23,8.0,2.5,29041.62633107454
2050.0,3,3,Semi-Furnished,"Hauz Khas Enclave, Hauz Khas",2,71000000,Ready_to_move,New_Property,Builder_Floor,30000.0,2003,14,1,2050.0,Average,23,6.0,3.5,34634.14634146341
1100.0,3,3,Unfurnished,"Safdarjung Development Area, Hauz Khas",2,18500000,Ready_to_move,Resale,Apartment,30000.0,2020,5,1,1100.0,Excellent,6,6.0,4.0,16818.18181818182
4500.0,4,4,Semi-Furnished,Hauz Khas,2,70000000,Ready_to_move,New_Property,Builder_Floor,30000.0,2020,3,1,4500.0,Excellent,6,8.0,5.0,15555.555555555555
4500.0,4,5,Semi-Furnished,"Hauz Khas Enclave, Hauz Khas",2,85000000,Ready_to_move,New_Property,Builder_Floor,170000.0,2020,9,1,4500.0,Excellent,6,9.0,5.0,18888.88888888889
6500.0,4,5,Unfurnished,"Mayfair garden, Hauz Khas",3,190000000,Ready_to_move,New_Property,Builder_Floor,170000.0,2014,14,1,6500.0,Good,12,9.0,3.0,29230.76923076923
4350.0,4,6,Semi-Furnished,"Orchid Metropolis, Hauz Khas",2,135000000,Ready_to_move,New_Property,Apartment,170000.0,2012,14,1,4350.0,Good,14,10.0,4.0,31034.48275862069
1750.0,3,3,Unfurnished,Hauz Khas,2,35000000,Ready_to_move,Resale,Builder_Floor,170000.0,2014,2,1,1750.0,Good,12,6.0,3.0,20000.0
3600.0,4,4,Semi-Furnished,"Safdarjung Development Area, Hauz Khas",2,65000000,Almost_ready,New_Property,Builder_Floor,18055.0,2007,5,1,3600.0,Average,19,8.0,3.5,18055.555555555555
1200.0,2,2,Furnished,"Hauz Khas Enclave, Hauz Khas",1,27500000,Ready_to_move,Resale,Builder_Floor,18055.0,2015,3,0,1200.0,Good,11,4.0,4.0,22916.666666666668
1500.0,3,4,Unfurnished,Hauz Khas,2,45000000,Ready_to_move,Resale,Builder_Floor,18055.0,2019,5,1,1500.0,Excellent,7,7.0,4.0,30000.0
2250.0,4,4,Unfurnished,"Hauz Khas Enclave, Hauz Khas",3,100000000,Ready_to_move,New_Property,Builder_Floor,18055.0,2018,9,1,2250.0,Excellent,8,8.0,4.0,44444.444444444445
1800.0,3,4,Semi-Furnished,Hauz Khas,2,47000000,Ready_to_move,New_Property,Builder_Floor,18055.0,2013,5,1,1800.0,Good,13,7.0,4.0,26111.11111111111
1600.0,3,4,Semi-Furnished,Hauz Khas,2,27500000,Ready_to_move,Resale,Builder_Floor,18055.0,1997,2,1,1600.0,Fair,29,7.0,3.0,17187.5
2800.0,4,5,Semi-Furnished,Hauz Khas,3,70000000,Ready_to_move,New_Property,Builder_Floor,25000.0,2017,8,2,2800.0,Good,9,9.0,4.0,25000.0
1700.0,3,3,Semi-Furnished,"Sarva Priya Apartment, Hauz Khas carpet area 1700 sqft status Ready to Move floor 1 out of 7 floors transaction Resale furnishing Semi-Furnished facing North - East overlooking Garden/Park society Sarva Priya Apartment car parking 1 Covered, 1 Open bathroom 3 balcony 2 ownership Freehold desperarte sale ,its clear tile, proper cross ventilation ,proper an matter for one week ,crystle sunlight found, and air,ICIC BANK LOAN APPROVAL, good to see , have lucky chance to get such a reraly rare property read more Contact Agent View Phone No. Share Feedback Agent New Capital Properties 1000+ Buyers Served",1,36500000,Ready_to_move,Resale,Apartment,25000.0,2006,1,0,1700.0,Average,20,6.0,2.5,21470.58823529412
2400.0,4,5,Unfurnished,"Hauz Khas Enclave, Hauz Khas",1,65000000,Ready_to_move,Resale,Builder_Floor,25000.0,2017,4,0,2400.0,Good,9,9.0,2.0,27083.333333333332
1980.0,3,4,Unfurnished,"Sarva Priya Apartment, Hauz Khas",1,35000000,Almost_ready,New_Property,Apartment,17677.0,2011,1,0,1980.0,Good,15,7.0,2.0,17676.76767676768
2100.0,4,5,Semi-Furnished,"Hauz Khas Enclave, Hauz Khas",1,56000000,Ready_to_move,New_Property,Builder_Floor,17677.0,2021,2,0,2100.0,Excellent,5,9.0,4.0,26666.666666666668
5400.0,4,4,Unfurnished,"Hauz Khas Enclave, Hauz Khas",2,110000000,Ready_to_move,Resale,Builder_Floor,17677.0,2005,7,1,5400.0,Average,21,8.0,2.5,20370.37037037037
1250.0,3,3,Semi-Furnished,"Safdarjung Development Area, Hauz Khas",1,24000000,Ready_to_move,Resale,Builder_Floor,17677.0,2023,13,0,1250.0,Excellent,3,6.0,4.0,19200.0
2300.0,4,4,Semi-Furnished,Hauz Khas,1,102500000,Ready_to_move,New_Property,Builder_Floor,17677.0,2020,12,0,2300.0,Excellent,6,8.0,4.0,44565.217391304344
2700.0,4,4,Semi-Furnished,"Hauz Khas Enclave, Hauz Khas",2,100000000,Ready_to_move,New_Property,Builder_Floor,37037.0,2005,2,1,2700.0,Average,21,8.0,3.5,37037.03703703704
1450.0,3,3,Semi-Furnished,"Safdarjung Development Area, Hauz Khas",1,45000000,Ready_to_move,New_Property,Builder_Floor,37037.0,2009,1,0,1450.0,Average,17,6.0,2.5,31034.48275862069
2097.0,3,3,Unfurnished,Chittaranjan Park,1,29000000,Ready_to_move,Resale,Builder_Floor,,2011,6,0,2097.0,Good,15,6.0,2.0,13829.279923700524
1250.0,3,3,Semi-Furnished,"Arya Chittaranjan Park, Chittaranjan Park",1,25500000,Almost_ready,New_Property,Builder_Floor,,2018,10,0,1250.0,Excellent,8,6.0,4.0,20400.0
1600.0,3,3,Semi-Furnished,Chittaranjan Park,2,33500000,Ready_to_move,New_Property,Builder_Floor,20938.0,2015,12,1,1600.0,Good,11,6.0,4.0,20937.5
2600.0,4,5,Semi-Furnished,Chittaranjan Park,3,62500000,Ready_to_move,New_Property,Builder_Floor,20938.0,2020,13,1,2600.0,Excellent,6,9.0,5.0,24038.46153846154
1700.0,3,3,Semi-Furnished,Chittaranjan Park,2,47500000,Ready_to_move,New_Property,Builder_Floor,20938.0,2006,6,1,1700.0,Average,20,6.0,3.5,27941.176470588234
1116.0,3,3,Semi-Furnished,Chittaranjan Park,1,14700000,Ready_to_move,Resale,Builder_Floor,20938.0,2010,3,0,1116.0,Average,16,6.0,2.5,13172.043010752688
1070.0,2,3,Semi-Furnished,Chittaranjan Park,1,18000000,Ready_to_move,New_Property,Builder_Floor,20938.0,2008,1,0,1070.0,Average,18,5.0,2.5,16822.429906542056
1200.0,3,3,Semi-Furnished,Chittaranjan Park,1,22500000,Ready_to_move,New_Property,Builder_Floor,20938.0,2022,3,0,1200.0,Excellent,4,6.0,4.0,18750.0
1200.0,3,3,Unfurnished,Chittaranjan Park,1,22000000,Ready_to_move,New_Property,Builder_Floor,18333.0,2004,1,0,1200.0,Average,22,6.0,1.5,18333.333333333332
1200.0,3,3,Semi-Furnished,Chittaranjan Park carpet area 1200 sqft status Ready to Move floor 2 out of 4 floors transaction New Property furnishing Semi-Furnished facing North - East overlooking Garden/Park bathroom 3 balcony 2 ownership Freehold Newly Constructed Property Newly Constructed Property brand new 1st floor 3bedroom attach bathrooms stilt car parking modular kitchen air condition prime location c r park read more Contact Agent View Phone No. Share Feedback Nirmala Associates Certified Agent Trusted by Users Genuine Listings 1500+ Buyers Served,1,22200000,Ready_to_move,New_Property,Builder_Floor,18333.0,2013,13,0,1200.0,Good,13,6.0,3.0,18500.0
1450.0,3,3,Semi-Furnished,Chittaranjan Park,1,22500000,Ready_to_move,Resale,Builder_Floor,18333.0,1999,5,0,1450.0,Fair,27,6.0,2.0,15517.241379310344
1000.0,2,2,Semi-Furnished,Chittaranjan Park,1,7500000,Ready_to_move,Resale,Apartment,18333.0,2020,13,0,1000.0,Excellent,6,4.0,4.0,7500.0
2430.0,4,4,Furnished,"Chittaranjan Park carpet area 270 sqyrd status Ready to Move floor 2 out of 4 floors transaction Resale furnishing Furnished facing North - East overlooking Garden/Park, Main Road car parking 5 Open bathroom 4 balcony 3 ownership Freehold 3 Side Open, Fully ventilated, Close to Market, Above Bank and 24 x 7 ATM because of which good security. Elite Neighbor hood. Very good for Rental Income. Also can be used for commercial Office Purpose by Advocates. read more Contact Owner View Phone No. Share Feedback Owner Mayur Mayur Aggarwal",5,30000000,Ready_to_move,Resale,Builder_Floor,18333.0,2007,9,2,2430.0,Average,19,8.0,4.5,12345.67901234568
945.0,2,1,Unfurnished,Chittaranjan Park,5,6500000,Ready_to_move,Resale,Apartment,6878.0,2005,9,2,945.0,Average,21,3.0,2.5,6878.306878306878
1650.0,3,3,Unfurnished,Chittaranjan Park,5,35000000,Ready_to_move,New_Property,Builder_Floor,6878.0,2012,7,3,1650.0,Good,14,6.0,3.0,21212.121212121212
1350.0,3,2,Semi-Furnished,"Nehru Enclave, Kalkaji",1,17500000,Ready_to_move,Resale,Builder_Floor,6878.0,2010,13,0,1350.0,Average,16,5.0,2.5,12962.962962962964
2625.0,4,5,Semi-Furnished,Chittaranjan Park,2,60000000,Ready_to_move,New_Property,Builder_Floor,6878.0,2020,1,1,2625.0,Excellent,6,9.0,5.0,22857.14285714286
1800.0,4,4,Semi-Furnished,Chittaranjan Park,2,40000000,Ready_to_move,New_Property,Builder_Floor,6878.0,2011,2,1,1800.0,Good,15,8.0,4.0,22222.222222222223
125.0,3,3,Semi-Furnished,Chittaranjan Park,2,11500000,Ready_to_move,New_Property,Builder_Floor,6878.0,2010,7,1,125.0,Average,16,6.0,3.5,92000.0
1440.0,3,3,Semi-Furnished,Chittaranjan Park,2,22500000,Ready_to_move,New_Property,Builder_Floor,6878.0,1999,6,1,1440.0,Fair,27,6.0,3.0,15625.0
1900.0,3,4,Semi-Furnished,Chittaranjan Park,2,28500000,Ready_to_move,New_Property,Builder_Floor,6878.0,1996,9,1,1900.0,Fair,30,7.0,3.0,15000.0
1800.0,3,3,Semi-Furnished,Chittaranjan Park,2,29000000,Ready_to_move,Resale,Builder_Floor,6878.0,2007,12,1,1800.0,Average,19,6.0,3.5,16111.111111111111
1200.0,3,2,Semi-Furnished,Chittaranjan Park,1,15500000,Ready_to_move,Resale,Builder_Floor,12916.0,2024,9,0,1200.0,New,2,5.0,4.0,12916.666666666666
1800.0,3,3,Semi-Furnished,"Nehru Enclave, Kalkaji",1,26000000,Ready_to_move,Resale,Builder_Floor,12916.0,2022,4,0,1800.0,Excellent,4,6.0,4.0,14444.444444444445
1200.0,3,3,Semi-Furnished,Chittaranjan Park,1,16500000,Ready_to_move,Resale,Builder_Floor,12916.0,2014,5,0,1200.0,Good,12,6.0,3.0,13750.0
4118.0,4,5,Unfurnished,Chittaranjan Park,3,55000000,Ready_to_move,New_Property,Builder_Floor,12916.0,2014,12,2,4118.0,Good,12,9.0,3.0,13355.998057309373
1050.0,3,2,Semi-Furnished,Chittaranjan Park,3,12500000,Ready_to_move,Resale,Builder_Floor,12916.0,2007,4,2,1050.0,Average,19,5.0,3.5,11904.761904761905
875.0,3,3,Semi-Furnished,Chittaranjan Park,3,17500000,Ready_to_move,New_Property,Builder_Floor,12916.0,2001,8,2,875.0,Average,25,6.0,3.5,20000.0
990.0,2,2,Unfurnished,Chittaranjan Park Block A,1,11500000,Ready_to_move,Resale,Builder_Floor,12916.0,1996,9,0,990.0,Fair,30,4.0,1.0,11616.161616161617
11050.0,3,3,Unfurnished,Chittaranjan Park,1,18500000,Ready_to_move,New_Property,Builder_Floor,12916.0,2005,12,0,11050.0,Average,21,6.0,1.5,1674.20814479638
